name,alignment,armor_class,armor_class_misc,cha,cha_b,challenge,con,con_b,condition_immunities,damage_immunities,damage_resistances,dex,dex_b,hit_points,int,int_b,languages,mtype,saving_throws,senses,skills,speed,str,str_b,wis,wis_b,xp
Aboleth,"lawful evil",17,"(natural armor)",18,(+4),10,15,(+2),"","","",9,(-1),"135 (18d10 + 36)",18,(+4),"Deep Speech, telepathy 120 ft.",aberration,"Con +6, Int +8, Wis +6","darkvision 120 ft., passive Perception 20","History +12, Perception +10","10 ft., swim 40 ft.",21,(+5),15,(+2),5900
Acolyte,"any alignment",10,"",11,(+0),1/4,10,(+0),"","","",10,(+0),"9 (2d8)",10,(+0),"any one language (usually Common)","humanoid (any race)","","passive Perception 12","Medicine +4, Religion +2","30 ft.",10,(+0),14,(+2),50
"Adult Black Dragon","chaotic evil",19,"(natural armor)",17,(+3),14,21,(+5),"",acid,"",14,(+2),"195 (17d12 + 85)",14,(+2),"Common, Draconic",dragon,"Dex +7, Con +10, Wis +6, Cha +8","blindsight 60 ft., darkvision 120 ft., passive Perception 21","Perception +11, Stealth +7","40 ft., fly 80 ft., swim 40 ft.",23,(+6),13,(+1),11500
"Adult Blue Dragon","lawful evil",19,"(natural armor)",19,(+4),16,23,(+6),"",lightning,"",10,(+0),"225 (18d12 + 108)",16,(+3),"Common, Draconic",dragon,"Dex +5, Con +11, Wis +7, Cha +9","blindsight 60 ft., darkvision 120 ft., passive Perception 22","Perception +12, Stealth +5","40 ft., burrow 30 ft., fly 80 ft.",25,(+7),15,(+2),15000
"Adult Brass Dragon","chaotic good",18,"(natural armor)",17,(+3),13,21,(+5),"",fire,"",10,(+0),"172 (15d12 + 75)",14,(+2),"Common, Draconic",dragon,"Dex +5, Con +10, Wis +6, Cha +8","blindsight 60 ft., darkvision 120 ft., passive Perception 21","History +7, Perception +11, Persuasion +8, Stealth +5","40 ft., burrow 30 ft., fly 80 ft.",23,(+6),13,(+1),10000
"Adult Bronze Dragon","lawful good",19,"(natural armor)",19,(+4),15,23,(+6),"",lightning,"",10,(+0),"212 (17d12 + 102)",16,(+3),"Common, Draconic",dragon,"Dex +5, Con +11, Wis +7, Cha +9","blindsight 60 ft., darkvision 120 ft., passive Perception 22","Insight +7, Perception +12, Stealth +5","40 ft., fly 80 ft., swim 40 ft.",25,(+7),15,(+2),13000
"Adult Copper Dragon","chaotic good",18,"(natural armor)",17,(+3),14,21,(+5),"",acid,"",12,(+1),"184 (16d12 + 80)",18,(+4),"Common, Draconic",dragon,"Dex +6, Con +10, Wis +7, Cha +8","blindsight 60 ft., darkvision 120 ft., passive Perception 22","Deception +8, Perception +12, Stealth +6","40 ft., climb 40 ft., fly 80 ft.",23,(+6),15,(+2),11500
"Adult Gold Dragon","lawful good",19,"(natural armor)",24,(+7),17,25,(+7),"",fire,"",14,(+2),"256 (19d12 + 133)",16,(+3),"Common, Draconic",dragon,"Dex +8, Con +13, Wis +8, Cha +13","blindsight 60 ft., darkvision 120 ft., passive Perception 24","Insight +8, Perception +14, Persuasion +13, Stealth +8","40 ft., fly 80 ft., swim 40 ft.",27,(+8),15,(+2),18000
"Adult Green Dragon","lawful evil",19,"(natural armor)",17,(+3),15,21,(+5),poisoned,poison,"",12,(+1),"207 (18d12 + 90)",18,(+4),"Common, Draconic",dragon,"Dex +6, Con +10, Wis +7, Cha +8","blindsight 60 ft., darkvision 120 ft., passive Perception 22","Deception +8, Insight +7, Perception +12, Persuasion +8, Stealth +6","40 ft., fly 80 ft., swim 40 ft.",23,(+6),15,(+2),13000
"Adult Red Dragon","chaotic evil",19,"(natural armor)",21,(+5),17,25,(+7),"",fire,"",10,(+0),"256 (19d12 + 133)",16,(+3),"Common, Draconic",dragon,"Dex +6, Con +13, Wis +7, Cha +11","blindsight 60 ft., darkvision 120 ft., passive Perception 23","Perception +13, Stealth +6","40 ft., climb 40 ft., fly 80 ft.",27,(+8),13,(+1),18000
"Adult Silver Dragon","lawful good",19,"(natural armor)",21,(+5),16,25,(+7),"",cold,"",10,(+0),"243 (18d12 + 126)",16,(+3),"Common, Draconic",dragon,"Dex +5, Con +12, Wis +6, Cha +10","blindsight 60 ft., darkvision 120 ft., passive Perception 21","Arcana +8, History +8, Perception +11, Stealth +5","40 ft., fly 80 ft.",27,(+8),13,(+1),15000
"Adult White Dragon","chaotic evil",18,"(natural armor)",12,(+1),13,22,(+6),"",cold,"",10,(+0),"200 (16d12 + 96)",8,(-1),"Common, Draconic",dragon,"Dex +5, Con +11, Wis +6, Cha +6","blindsight 60 ft., darkvision 120 ft., passive Perception 21","Perception +11, Stealth +5","40 ft., burrow 30 ft., fly 80 ft., swim 40 ft.",22,(+6),12,(+1),10000
"Air Elemental",neutral,15,"",6,(-2),5,14,(+2),"exhaustion, grappled, paralyzed, petrified, poisoned, prone, restrained, unconscious",poison,"lightning, thunder; bludgeoning, piercing, and slashing from nonmagical attacks",20,(+5),"90 (12d10 + 24)",6,(-2),Auran,elemental,"","darkvision 60 ft., passive Perception 10","","0 ft., fly 90 ft. (hover)",14,(+2),10,(+0),1800
"Ancient Black Dragon","chaotic evil",22,"(natural armor)",19,(+4),21,25,(+7),"",acid,"",14,(+2),"367 (21d20 + 147)",16,(+3),"Common, Draconic",dragon,"Dex +9, Con +14, Wis +9, Cha +11","blindsight 60 ft., darkvision 120 ft., passive Perception 26","Perception +16, Stealth +9","40 ft., fly 80 ft., swim 40 ft.",27,(+8),15,(+2),33000
"Ancient Blue Dragon","lawful evil",22,"(natural armor)",21,(+5),23,27,(+8),"",lightning,"",10,(+0),"481 (26d20 + 208)",18,(+4),"Common, Draconic",dragon,"Dex +7, Con +15, Wis +10, Cha +12","blindsight 60 ft., darkvision 120 ft., passive Perception 27","Perception +17, Stealth +7","40 ft., burrow 40 ft., fly 80 ft.",29,(+9),17,(+3),50000
"Ancient Brass Dragon","chaotic good",20,"(natural armor)",19,(+4),20,25,(+7),"",fire,"",10,(+0),"297 (17d20 + 119)",16,(+3),"Common, Draconic",dragon,"Dex +6, Con +13, Wis +8, Cha +10","blindsight 60 ft., darkvision 120 ft., passive Perception 24","History +9, Perception +14, Persuasion +10, Stealth +6","40 ft., burrow 40 ft., fly 80 ft.",27,(+8),15,(+2),25000
"Ancient Bronze Dragon","lawful good",22,"(natural armor)",21,(+5),22,27,(+8),"",lightning,"",10,(+0),"444 (24d20 + 192)",18,(+4),"Common, Draconic",dragon,"Dex +7, Con +15, Wis +10, Cha +12","blindsight 60 ft., darkvision 120 ft., passive Perception 27","Insight +10, Perception +17, Stealth +7","40 ft., fly 80 ft., swim 40 ft.",29,(+9),17,(+3),41000
"Ancient Copper Dragon","chaotic good",21,"(natural armor)",19,(+4),21,25,(+7),"",acid,"",12,(+1),"350 (20d20 + 140)",20,(+5),"Common, Draconic",dragon,"Dex +8, Con +14, Wis +10, Cha +11","blindsight 60 ft., darkvision 120 ft., passive Perception 27","Deception +11, Perception +17, Stealth +8","40 ft., climb 40 ft., fly 80 ft.",27,(+8),17,(+3),33000
"Ancient Gold Dragon","lawful good",22,"(natural armor)",28,(+9),24,29,(+9),"",fire,"",14,(+2),"546 (28d20 + 252)",18,(+4),"Common, Draconic",dragon,"Dex +9, Con +16, Wis +10, Cha +16","blindsight 60 ft., darkvision 120 ft., passive Perception 27","Insight +10, Perception +17, Persuasion +16, Stealth +9","40 ft., fly 80 ft., swim 40 ft.",30,(+10),17,(+3),62000
"Ancient Green Dragon","lawful evil",21,"(natural armor)",19,(+4),22,25,(+7),poisoned,poison,"",12,(+1),"385 (22d20 + 154)",20,(+5),"Common, Draconic",dragon,"Dex +8, Con +14, Wis +10, Cha +11","blindsight 60 ft., darkvision 120 ft., passive Perception 27","Deception +11, Insight +10, Perception +17, Persuasion +11, Stealth +8","40 ft., fly 80 ft., swim 40 ft.",27,(+8),17,(+3),41000
"Ancient Red Dragon","chaotic evil",22,"(natural armor)",23,(+6),24,29,(+9),"",fire,"",10,(+0),"546 (28d20 + 252)",18,(+4),"Common, Draconic",dragon,"Dex +7, Con +16, Wis +9, Cha +13","blindsight 60 ft., darkvision 120 ft., passive Perception 26","Perception +16, Stealth +7","40 ft., climb 40 ft., fly 80 ft.",30,(+10),15,(+2),62000
"Ancient Silver Dragon","lawful good",22,"(natural armor)",23,(+6),23,29,(+9),"",cold,"",10,(+0),"487 (25d20 + 225)",18,(+4),"Common, Draconic",dragon,"Dex +7, Con +16, Wis +9, Cha +13","blindsight 60 ft., darkvision 120 ft., passive Perception 26","Arcana +11, History +11, Perception +16, Stealth +7","40 ft., fly 80 ft.",30,(+10),15,(+2),50000
"Ancient White Dragon","chaotic evil",20,"(natural armor)",14,(+2),20,26,(+8),"",cold,"",10,(+0),"333 (18d20 + 144)",10,(+0),"Common, Draconic",dragon,"Dex +6, Con +14, Wis +7, Cha +8","blindsight 60 ft., darkvision 120 ft., passive Perception 23","Perception +13, Stealth +6","40 ft., burrow 40 ft., fly 80 ft., swim 40 ft.",26,(+8),13,(+1),25000
Androsphinx,"lawful neutral",17,"(natural armor)",23,(+6),17,20,(+5),"charmed, frightened","psychic; bludgeoning, piercing, and slashing from nonmagical attacks","",10,(+0),"199 (19d10 + 95)",16,(+3),"Common, Sphinx",monstrosity,"Dex +6, Con +11, Int +9, Wis +10","truesight 120 ft., passive Perception 20","Arcana +9, Perception +10, Religion +15","40 ft., fly 60 ft.",22,(+6),18,(+4),18000
"Animated Armor",unaligned,18,"(natural armor)",1,(-5),1,13,(+1),"blinded, charmed, deafened, exhaustion, frightened, paralyzed, petrified, poisoned","poison, psychic","",11,(+0),"33 (6d8 + 6)",1,(-5),--,construct,"","blindsight 60 ft. (blind beyond this radius), passive Perception 6","","25 ft.",14,(+2),3,(-4),200
Ankheg,unaligned,14,"(natural armor), 11 while prone",6,(-2),2,13,(+1),"","","",11,(+0),"39 (6d10 + 6)",1,(-5),--,monstrosity,"","darkvision 60 ft., tremorsense 60 ft., passive Perception 11","","30 ft., burrow 10 ft.",17,(+3),13,(+1),450
Ape,unaligned,12,"",7,(-2),1/2,14,(+2),"","","",14,(+2),"19 (3d8 + 6)",6,(-2),--,beast,"","passive Perception 13","Athletics +5, Perception +3","30 ft., climb 30 ft.",16,(+3),12,(+1),100
Archmage,"any alignment",12,"(15 with mage armor)",16,(+3),12,12,(+1),"","","",14,(+2),"99 (18d8 + 18)",20,(+5),"any six languages","humanoid (any race)","Int +9, Wis +6","passive Perception 12","Arcana +13, History +13","30 ft.",10,(+0),15,(+2),8400
Assassin,"any non-good alignment",15,"(studded leather)",10,(+0),8,14,(+2),"","",poison,16,(+3),"78 (12d8 + 24)",13,(+1),"Thieves' cant plus any two languages","humanoid (any race)","Dex +6, Int +4","passive Perception 13","Acrobatics +6, Deception +3, Perception +3, Stealth +9","30 ft.",11,(+0),11,(+0),3900
"Awakened Shrub",unaligned,9,"",6,(-2),0,11,(+0),"","",piercing,8,(-1),"10 (3d6)",10,(+0),"one language known by its creator",plant,"","passive Perception 10","","20 ft.",3,(-4),0,(+0),10
"Awakened Tree",unaligned,13,"(natural armor)",7,(-2),2,15,(+2),"","","bludgeoning, piercing",6,(-2),"59 (7d12 + 14)",10,(+0),"one language known by its creator",plant,"","passive Perception 10","","20 ft.",19,(+4),10,(+0),450
"Axe Beak",unaligned,11,"",5,(-3),1/4,12,(+1),"","","",12,(+1),"19 (3d10 + 3)",2,(-4),--,beast,"","passive Perception 10","","50 ft.",14,(+2),10,(+0),50
Azer,"lawful neutral",17,"(natural armor, shield)",10,(+0),2,15,(+2),poisoned,"fire, poison","",12,(+1),"39 (6d8 + 12)",12,(+1),Ignan,elemental,"Con +4","passive Perception 11","","30 ft.",17,(+3),13,(+1),450
Baboon,unaligned,12,"",6,(-2),0,11,(+0),"","","",14,(+2),"3 (1d6)",4,(-3),--,beast,"","passive Perception 11","","30 ft., climb 30 ft.",8,(-1),12,(+1),10
Badger,unaligned,10,"",5,(-3),0,12,(+1),"","","",11,(+0),"3 (1d4 + 1)",2,(-4),--,beast,"","darkvision 30 ft., passive Perception 11","","20 ft., burrow 5 ft.",4,(-3),12,(+1),10
Balor,"chaotic evil",19,"(natural armor)",22,(+6),19,22,(+6),poisoned,"fire, poison","cold, lightning; bludgeoning, piercing, and slashing from nonmagical attacks",15,(+2),"262 (21d12 + 126)",20,(+5),"Abyssal, telepathy 120 ft.","fiend (demon)","Str +14, Con +12, Wis +9, Cha +12","truesight 120 ft., passive Perception 13","","40 ft., fly 80 ft.",26,(+8),16,(+3),22000
Bandit,"any non-lawful alignment",12,"(leather armor)",10,(+0),1/8,12,(+1),"","","",12,(+1),"11 (2d8 + 2)",10,(+0),"any one language (usually Common)","humanoid (any race)","","passive Perception 10","","30 ft.",11,(+0),10,(+0),25
"Bandit Captain","any non-lawful alignment",15,"(studded leather)",14,(+2),2,14,(+2),"","","",16,(+3),"65 (10d8 + 20)",14,(+2),"any two languages","humanoid (any race)","Str +4, Dex +5, Wis +2","passive Perception 10","Athletics +4, Deception +4","30 ft.",15,(+2),11,(+0),450
"Barbed Devil","lawful evil",15,"(natural armor)",14,(+2),5,18,(+4),poisoned,"fire, poison","cold; bludgeoning, piercing, and slashing from nonmagical attacks that aren't silvered",17,(+3),"110 (13d8 + 52)",12,(+1),"Infernal, telepathy 120 ft.","fiend (devil)","Str +6, Con +7, Wis +5, Cha +5","darkvision 120 ft., passive Perception 18","Deception +5, Insight +5, Perception +8","30 ft.",16,(+3),14,(+2),1800
Basilisk,unaligned,15,"(natural armor)",7,(-2),3,15,(+2),"","","",8,(-1),"52 (8d8 + 16)",2,(-4),--,monstrosity,"","darkvision 60 ft., passive Perception 9","","20 ft.",16,(+3),8,(-1),700
Bat,unaligned,12,"",4,(-3),0,8,(-1),"","","",15,(+2),"1 (1d4 - 1)",2,(-4),--,beast,"","blindsight 60 ft., passive Perception 11","","5 ft., fly 30 ft.",2,(-4),12,(+1),10
"Bearded Devil","lawful evil",13,"(natural armor)",11,(+0),3,15,(+2),poisoned,"fire, poison","cold; bludgeoning, piercing, and slashing from nonmagical attacks that aren't silvered",15,(+2),"52 (8d8 + 16)",9,(-1),"Infernal, telepathy 120 ft.","fiend (devil)","Str +5, Con +4, Wis +2","darkvision 120 ft., passive Perception 10","","30 ft.",16,(+3),11,(+0),700
Behir,"neutral evil",17,"(natural armor)",12,(+1),11,18,(+4),"",lightning,"",16,(+3),"168 (16d12 + 64)",7,(-2),Draconic,monstrosity,"","darkvision 90 ft., passive Perception 16","Perception +6, Stealth +7","50 ft., climb 40 ft.",23,(+6),14,(+2),7200
Berserker,"any chaotic alignment",13,"(hide armor)",9,(-1),2,17,(+3),"","","",12,(+1),"67 (9d8 + 27)",9,(-1),"any one language (usually Common)","humanoid (any race)","","passive Perception 10","","30 ft.",16,(+3),11,(+0),450
"Black Bear",unaligned,11,"(natural armor)",7,(-2),1/2,14,(+2),"","","",10,(+0),"19 (3d8 + 6)",2,(-4),--,beast,"","passive Perception 13","Perception +3","40 ft., climb 30 ft.",15,(+2),12,(+1),100
"Black Dragon Wyrmling","chaotic evil",17,"(natural armor)",13,(+1),2,13,(+1),"",acid,"",14,(+2),"33 (6d8 + 6)",10,(+0),Draconic,dragon,"Dex +4, Con +3, Wis +2, Cha +3","blindsight 10 ft., darkvision 60 ft., passive Perception 14","Perception +4, Stealth +4","30 ft., fly 60 ft., swim 30 ft.",15,(+2),11,(+0),450
"Black Pudding",unaligned,7,"",1,(-5),4,16,(+3),"blinded, charmed, deafened, exhaustion, frightened, prone","acid, cold, lightning, slashing","",5,(-3),"85 (10d10 + 30)",1,(-5),--,ooze,"","blindsight 60 ft. (blind beyond this radius), passive Perception 8","","20 ft., climb 20 ft.",16,(+3),6,(-2),1100
"Blink Dog","lawful good",13,"",11,(+0),1/4,12,(+1),"","","",17,(+3),"22 (4d8 + 4)",10,(+0),"Blink Dog, understands Sylvan but can't speak it",fey,"","passive Perception 13","Perception +3, Stealth +5","40 ft.",12,(+1),13,(+1),50
"Blood Hawk",unaligned,12,"",5,(-3),1/8,10,(+0),"","","",14,(+2),"7 (2d6)",3,(-4),--,beast,"","passive Perception 14","Perception +4","10 ft., fly 60 ft.",6,(-2),14,(+2),25
"Blue Dragon Wyrmling","lawful evil",17,"(natural armor)",15,(+2),3,15,(+2),"",lightning,"",10,(+0),"52 (8d8 + 16)",12,(+1),Draconic,dragon,"Dex +2, Con +4, Wis +2, Cha +4","blindsight 10 ft., darkvision 60 ft., passive Perception 14","Perception +4, Stealth +2","30 ft., burrow 15 ft., fly 60 ft.",17,(+3),11,(+0),700
Boar,unaligned,11,"(natural armor)",5,(-3),1/4,12,(+1),"","","",11,(+0),"11 (2d8 + 2)",2,(-4),--,beast,"","passive Perception 9","","40 ft.",13,(+1),9,(-1),50
"Bone Devil","lawful evil",19,"(natural armor)",16,(+3),9,18,(+4),poisoned,"fire, poison","cold; bludgeoning, piercing, and slashing from nonmagical attacks that aren't silvered",16,(+3),"142 (15d10 + 60)",13,(+1),"Infernal, telepathy 120 ft.","fiend (devil)","Int +5, Wis +6, Cha +7","darkvision 120 ft., passive Perception 12","Deception +7, Insight +6","40 ft., fly 40 ft.",18,(+4),14,(+2),5000
"Brass Dragon Wyrmling","chaotic good",16,"(natural armor)",13,(+1),1,13,(+1),"",fire,"",10,(+0),"16 (3d8 + 3)",10,(+0),Draconic,dragon,"Dex +2, Con +3, Wis +2, Cha +3","blindsight 10 ft., darkvision 60 ft., passive Perception 14","Perception +4, Stealth +2","30 ft., burrow 15 ft., fly 60 ft.",15,(+2),11,(+0),200
"Bronze Dragon Wyrmling","lawful good",17,"(natural armor)",15,(+2),2,15,(+2),"",lightning,"",10,(+0),"32 (5d8 + 10)",12,(+1),Draconic,dragon,"Dex +2, Con +4, Wis +2, Cha +4","blindsight 10 ft., darkvision 60 ft., passive Perception 14","Perception +4, Stealth +2","30 ft., fly 60 ft., swim 30 ft.",17,(+3),11,(+0),450
"Brown Bear",unaligned,11,"(natural armor)",7,(-2),1,16,(+3),"","","",10,(+0),"34 (4d10 + 12)",2,(-4),--,beast,"","passive Perception 13","Perception +3","40 ft., climb 30 ft.",19,(+4),13,(+1),200
Bugbear,"chaotic evil",16,"(hide armor, shield)",9,(-1),1,13,(+1),"","","",14,(+2),"27 (5d8 + 5)",8,(-1),"Common, Goblin",humanoid,"","darkvision 60 ft., passive Perception 10","Stealth +6, Survival +2","30 ft.",15,(+2),11,(+0),200
Bulette,unaligned,17,"(natural armor)",5,(-3),5,21,(+5),"","","",11,(+0),"94 (9d10 + 45)",2,(-4),--,monstrosity,"","darkvision 60 ft., tremorsense 60 ft., passive Perception 16","Perception +6","40 ft., burrow 40 ft.",19,(+4),10,(+0),1800
Camel,unaligned,9,"",5,(-3),1/8,14,(+2),"","","",8,(-1),"15 (2d10 + 4)",2,(-4),--,beast,"","passive Perception 9","","50 ft.",16,(+3),8,(-1),25
Cat,unaligned,12,"",7,(-2),0,10,(+0),"","","",15,(+2),"2 (1d4)",3,(-4),--,beast,"","passive Perception 13","Perception +3, Stealth +4","40 ft., climb 30 ft.",3,(-4),12,(+1),10
Centaur,"neutral good",12,"",11,(+0),2,14,(+2),"","","",14,(+2),"45 (6d10 + 12)",9,(-1),"Elvish, Sylvan",monstrosity,"","passive Perception 13","Athletics +6, Perception +3, Survival +3","50 ft.",18,(+4),13,(+1),450
"Chain Devil","lawful evil",16,"(natural armor)",14,(+2),8,18,(+4),poisoned,"fire, poison","cold; bludgeoning, piercing, and slashing from nonmagical attacks that aren't silvered",15,(+2),"85 (10d8 + 40)",11,(+0),"Infernal, telepathy 120 ft.","fiend (devil)","Con +7, Wis +4, Cha +5","darkvision 120 ft., passive Perception 11","","30 ft.",18,(+4),12,(+1),3900
Chimera,"chaotic evil",14,"(natural armor)",10,(+0),6,19,(+4),"","","",11,(+0),"114 (12d10 + 48)",3,(-4),"understands Draconic but can't speak",monstrosity,"","darkvision 60 ft., passive Perception 18","Perception +8","30 ft., fly 60 ft.",19,(+4),14,(+2),2300
Chuul,"chaotic evil",16,"(natural armor)",5,(-3),4,16,(+3),poisoned,poison,"",10,(+0),"93 (11d10 + 33)",5,(-3),"understands Deep Speech but can't speak",aberration,"","darkvision 60 ft., passive Perception 14","Perception +4","30 ft., swim 30 ft.",19,(+4),11,(+0),1100
"Clay Golem",unaligned,14,"(natural armor)",1,(-5),9,18,(+4),"charmed, exhaustion, frightened, paralyzed, petrified, poisoned","acid, poison, psychic; bludgeoning, piercing, and slashing from nonmagical attacks that aren't adamantine","",9,(-1),"133 (14d10 + 56)",3,(-4),"understands the languages of its creator but can't speak",construct,"","darkvision 60 ft., passive Perception 9","","20 ft.",20,(+5),8,(-1),5000
Cloaker,"chaotic neutral",14,"(natural armor)",14,(+2),8,12,(+1),"","","",15,(+2),"78 (12d10 + 12)",13,(+1),"Deep Speech, Undercommon",aberration,"","darkvision 60 ft., passive Perception 11","Stealth +5","10 ft., fly 40 ft.",17,(+3),12,(+1),3900
"Cloud Giant","neutral good (50%) or neutral evil (50%)",14,"(natural armor)",16,(+3),9,22,(+6),"","","",10,(+0),"200 (16d12 + 96)",12,(+1),"Common, Giant",giant,"Con +10, Wis +7, Cha +7","passive Perception 17","Insight +7, Perception +7","40 ft.",27,(+8),16,(+3),5000
Cockatrice,unaligned,11,"",5,(-2),1/2,12,(+1),"","","",12,(+1),"27 (6d6 + 6)",2,(-4),--,monstrosity,"","darkvision 60 ft., passive Perception 11","","20 ft., fly 40 ft.",6,(-2),13,(+1),100
Commoner,"any alignment",10,"",10,(+0),0,10,(+0),"","","",10,(+0),"4 (1d8)",10,(+0),"any one language (usually Common)","humanoid (any race)","","passive Perception 10","","30 ft.",10,(+0),10,(+0),10
"Constrictor Snake",unaligned,12,"",3,(-4),1/4,12,(+1),"","","",14,(+2),"13 (2d10 + 2)",1,(-5),--,beast,"","blindsight 10 ft., passive Perception 10","","30 ft., swim 30 ft.",15,(+2),10,(+0),50
"Copper Dragon Wyrmling","chaotic good",16,"(natural armor)",13,(+1),1,13,(+1),"",acid,"",12,(+1),"22 (4d8 + 4)",14,(+2),Draconic,dragon,"Dex +3, Con +3, Wis +2, Cha +3","blindsight 10 ft., darkvision 60 ft., passive Perception 14","Perception +4, Stealth +3","30 ft., climb 30 ft., fly 60 ft.",15,(+2),11,(+0),200
Couatl,"lawful good",19,"(natural armor)",18,(+4),4,17,(+3),"","psychic; bludgeoning, piercing, and slashing from nonmagical attacks",radiant,20,(+5),"97 (13d8 + 39)",18,(+4),"all, telepathy 120 ft.",celestial,"Con +5, Wis +7, Cha +6","truesight 120 ft., passive Perception 15","","30 ft., fly 90 ft.",16,(+3),20,(+5),1100
Crab,unaligned,11,"(natural armor)",2,(-4),0,10,(+0),"","","",11,(+0),"2 (1d4)",1,(-5),--,beast,"","blindsight 30 ft., passive Perception 9","Stealth +2","20 ft., swim 20 ft.",2,(-4),8,(-1),10
Crocodile,unaligned,12,"(natural armor)",5,(-3),1/2,13,(+1),"","","",10,(+0),"19 (3d10 + 3)",2,(-4),--,beast,"","passive Perception 10","Stealth +2","20 ft., swim 30 ft.",15,(+2),10,(+0),100
"Cult Fanatic","any non-good alignment",13,"(leather armor)",14,(+2),2,12,(+1),"","","",14,(+2),"33 (6d8 + 6)",10,(+0),"any one language (usually Common)","humanoid (any race)","","passive Perception 11","Deception +4, Persuasion +4, Religion +2","30 ft.",11,(+0),13,(+1),450
Cultist,"any non-good alignment",12,"(leather armor)",10,(+0),1/8,10,(+0),"","","",12,(+1),"9 (2d8)",10,(+0),"any one language (usually Common)","humanoid (any race)","","passive Perception 10","Deception +2, Religion +2","30 ft.",11,(+0),11,(+0),25
Darkmantle,unaligned,11,"",0,(-3),1/2,13,(+1),"","","",12,(+1),"22 (5d6 + 5)",2,(-4),--,monstrosity,"","blindsight 60 ft., passive Perception 10","Stealth +3","10 ft., fly 30 ft.",16,(+3),10,(+0),100
"Death Dog","neutral evil",12,"",6,(-2),1,14,(+2),"","","",14,(+2),"39 (6d8 + 12)",3,(-4),--,monstrosity,"","darkvision 120 ft., passive Perception 15","Perception +5, Stealth +4","40 ft.",15,(+2),13,(+1),200
Deer,unaligned,13,"",5,(-3),0,11,(+0),"","","",16,(+3),"4 (1d8)",2,(-4),--,beast,"","passive Perception 12","","50 ft.",11,(+0),14,(+2),10
Deva,"lawful good",17,"(natural armor)",20,(+5),10,18,(+4),"charmed, exhaustion, frightened","","radiant; bludgeoning, piercing, and slashing from nonmagical attacks",18,(+4),"136 (16d8 + 64)",17,(+3),"all, telepathy 120 ft.",celestial,"Wis +9, Cha +9","darkvision 120 ft., passive Perception 19","Insight +9, Perception +9","30 ft., fly 90 ft.",18,(+4),20,(+5),5900
"Dire Wolf",unaligned,14,"(natural armor)",7,(-2),1,15,(+2),"","","",15,(+2),"37 (5d10 + 10)",3,(-4),--,beast,"","passive Perception 13","Perception +3, Stealth +4","50 ft.",17,(+3),12,(+1),200
Djinni,"chaotic good",17,"(natural armor)",20,(+5),11,22,(+6),"","lightning, thunder","",15,(+2),"161 (14d10 + 84)",15,(+2),Auran,elemental,"Dex +6, Wis +7, Cha +9","darkvision 120 ft., passive Perception 13","","30 ft., fly 90 ft.",21,(+5),16,(+3),7200
Doppelganger,neutral,14,"",14,(+2),3,14,(+2),charmed,"","",18,(+4),"52 (8d8 + 16)",11,(+0),Common,monstrosity,"","darkvision 60 ft., passive Perception 11","Deception +6, Insight +3","30 ft.",11,(+0),12,(+1),700
"Draft Horse",unaligned,10,"",7,(-2),1/4,12,(+1),"","","",10,(+0),"19 (3d10 + 3)",2,(-4),--,beast,"","passive Perception 10","","40 ft.",18,(+4),11,(+0),50
"Dragon Turtle",neutral,20,"(natural armor)",12,(+1),17,20,(+5),"","",fire,10,(+0),"341 (22d20 + 110)",10,(+0),"Aquan, Draconic",dragon,"Dex +6, Con +11, Wis +7","darkvision 120 ft., passive Perception 11","","20 ft., swim 40 ft.",25,(+7),12,(+1),18000
Dretch,"chaotic evil",11,"(natural armor)",3,(-4),1/4,12,(+1),poisoned,poison,"cold, fire, lightning",11,(+0),"18 (4d6 + 4)",5,(-3),"Abyssal, telepathy 60 ft. (works only with creatures that understand Abyssal)","fiend (demon)","","darkvision 60 ft., passive Perception 9","","20 ft.",11,(+0),8,(-1),50
Drider,"chaotic evil",19,"(natural armor)",12,(+1),6,18,(+4),"","","",16,(+3),"123 (13d10 + 52)",13,(+1),"Elvish, Undercommon",monstrosity,"","darkvision 120 ft., passive Perception 15","Perception +5, Stealth +9","30 ft., climb 30 ft.",16,(+3),14,(+2),2300
Druid,"any alignment",11,"(16 with barkskin)",11,(+0),2,13,(+1),"","","",12,(+1),"27 (5d8 + 5)",12,(+1),"Druidic plus any two languages","humanoid (any race)","","passive Perception 14","Medicine +4, Nature +3, Perception +4","30 ft.",10,(+0),15,(+2),450
Dryad,neutral,11,"(16 with barkskin)",18,(+4),1,11,(+0),"","","",12,(+1),"22 (5d8)",14,(+2),"Elvish, Sylvan",fey,"","darkvision 60 ft., passive Perception 14","Perception +4, Stealth +5","30 ft.",10,(+0),15,(+2),200
Duergar,"lawful evil",16,"(scale mail, shield)",9,(-1),1,14,(+2),"","",poison,11,(+0),"26 (4d8 + 8)",11,(+0),"Dwarvish, Undercommon","humanoid (dwarf)","","darkvision 120 ft., passive Perception 10","","25 ft.",14,(+2),10,(+0),200
"Dust Mephit","neutral evil",12,"",10,(+0),1/2,10,(+0),poisoned,poison,"",14,(+2),"17 (5d6)",9,(-1),"Auran, Terran",elemental,"","darkvision 60 ft., passive Perception 12","Perception +2, Stealth +4","30 ft., fly 30 ft.",5,(-3),11,(+0),100
Eagle,unaligned,12,"",7,(-2),0,10,(+0),"","","",15,(+2),"3 (1d6)",2,(-4),--,beast,"","passive Perception 14","Perception +4","10 ft., fly 60 ft.",6,(-2),14,(+2),10
"Earth Elemental",neutral,17,"(natural armor)",5,(-3),5,20,(+5),"exhaustion, paralyzed, petrified, poisoned, unconscious",poison,"bludgeoning, piercing, and slashing from nonmagical attacks",8,(-1),"126 (12d10 + 60)",5,(-3),Terran,elemental,"","darkvision 60 ft., tremorsense 60 ft., passive Perception 10","","30 ft., burrow 30 ft.",20,(+5),10,(+0),1800
Efreeti,"lawful evil",17,"(natural armor)",16,(+3),11,24,(+7),"",fire,"",12,(+1),"200 (16d10 + 112)",16,(+3),Ignan,elemental,"Int +7, Wis +6, Cha +7","darkvision 120 ft., passive Perception 12","","40 ft., fly 60 ft.",22,(+6),15,(+2),7200
Elephant,unaligned,12,"(natural armor)",6,(-2),4,17,(+3),"","","",9,(-1),"76 (8d12 + 24)",3,(-4),--,beast,"","passive Perception 10","","40 ft.",22,(+6),11,(+0),1100
"Elf, Drow","neutral evil",15,"(chain shirt)",12,(+1),1/4,10,(+0),"","","",14,(+2),"13 (3d8)",11,(+0),"Elvish, Undercommon","humanoid (elf)","","darkvision 120 ft., passive Perception 12","Perception +2, Stealth +4","30 ft.",10,(+0),11,(+0),50
Elk,unaligned,10,"",6,(-2),1/4,12,(+1),"","","",10,(+0),"13 (2d10 + 2)",2,(-4),--,beast,"","passive Perception 10","","50 ft.",16,(+3),10,(+0),50
Erinyes,"lawful evil",18,(plate),18,(+4),12,18,(+4),poisoned,"fire, poison","cold; bludgeoning, piercing, and slashing from nonmagical attacks that aren't silvered",16,(+3),"153 (18d8 + 72)",14,(+2),"Infernal, telepathy 120 ft.","fiend (devil)","Dex +7, Con +8, Wis +6, Cha +8","truesight 120 ft., passive Perception 12","","30 ft., fly 60 ft.",18,(+4),14,(+2),8400
Ettercap,"neutral evil",13,"(natural armor)",8,(-1),2,13,(+1),"","","",15,(+2),"44 (8d8 + 8)",7,(-2),--,monstrosity,"","darkvision 60 ft., passive Perception 13","Perception +3, Stealth +4, Survival +3","30 ft., climb 30 ft.",14,(+2),12,(+1),450
Ettin,"chaotic evil",12,"(natural armor)",8,(-1),4,17,(+3),"","","",8,(-1),"85 (10d10 + 30)",6,(-2),"Giant, Orc",giant,"","darkvision 60 ft., passive Perception 14","Perception +4","40 ft.",21,(+5),10,(+0),1100
"Fire Elemental",neutral,13,"",7,(-2),5,16,(+3),"exhaustion, grappled, paralyzed, petrified, poisoned, prone, restrained, unconscious","fire, poison","bludgeoning, piercing, and slashing from nonmagical attacks",17,(+3),"102 (12d10 + 36)",6,(-2),Ignan,elemental,"","darkvision 60 ft., passive Perception 10","","50 ft.",10,(+0),10,(+0),1800
"Fire Giant","lawful evil",18,(plate),13,(+1),9,23,(+6),"",fire,"",9,(-1),"162 (13d12 + 78)",10,(+0),Giant,giant,"Dex +3, Con +10, Cha +5","passive Perception 16","Athletics +11, Perception +6","30 ft.",25,(+7),14,(+2),5000
"Flesh Golem",neutral,9,"",5,(-3),5,18,(+4),"charmed, exhaustion, frightened, paralyzed, petrified, poisoned","lightning, poison; bludgeoning, piercing, and slashing from nonmagical attacks that aren't adamantine","",9,(-1),"93 (11d8 + 44)",6,(-2),"understands the languages of its creator but can't speak",construct,"","darkvision 60 ft., passive Perception 10","","30 ft.",19,(+4),10,(+0),1800
"Flying Snake",unaligned,14,"",5,(-3),1/8,11,(+0),"","","",18,(+4),"5 (2d4)",2,(-4),--,beast,"","blindsight 10 ft., passive Perception 11","","30 ft., fly 60 ft., swim 30 ft.",4,(-3),12,(+1),25
"Flying Sword",unaligned,17,"(natural armor)",1,(-5),1/4,11,(+0),"blinded, charmed, deafened, frightened, paralyzed, petrified, poisoned","poison, psychic","",15,(+2),"17 (5d6)",1,(-5),--,construct,"Dex +4","blindsight 60 ft. (blind beyond this radius), passive Perception 7","","0 ft., fly 50 ft. (hover)",12,(+1),5,(-3),50
Frog,unaligned,11,"",3,(-4),0,8,(-1),"","","",13,(+1),"1 (1d4 - 1)",1,(-5),--,beast,"","darkvision 30 ft., passive Perception 11","Perception +1, Stealth +3","20 ft., swim 20 ft.",1,(-5),8,(-1),0
"Frost Giant","neutral evil",15,"(patchwork armor)",12,(+1),8,21,(+5),"",cold,"",9,(-1),"138 (12d12 + 60)",9,(-1),Giant,giant,"Con +8, Wis +3, Cha +4","passive Perception 13","Athletics +9, Perception +3","40 ft.",23,(+6),10,(+0),3900
Gargoyle,"chaotic evil",15,"(natural armor)",7,(-2),2,16,(+3),"exhaustion, petrified, poisoned",poison,"bludgeoning, piercing, and slashing from nonmagical attacks that aren't adamantine",11,(+0),"52 (7d8 + 21)",6,(-2),Terran,elemental,"","darkvision 60 ft., passive Perception 10","","30 ft., fly 60 ft.",15,(+2),11,(+0),450
"Gelatinous Cube",unaligned,6,"",1,(-5),2,20,(+5),"blinded, charmed, deafened, exhaustion, frightened, prone","","",3,(-4),"84 (8d10 + 40)",1,(-5),--,ooze,"","blindsight 60 ft. (blind beyond this radius), passive Perception 8","","15 ft.",14,(+2),6,(-2),450
Ghast,"chaotic evil",13,"",8,(-1),2,10,(+0),"charmed, exhaustion, poisoned",poison,necrotic,17,(+3),"36 (8d8)",11,(+0),Common,undead,"","darkvision 60 ft., passive Perception 10","","30 ft.",16,(+3),10,(+0),450
Ghost,"any alignment",11,"",17,(+3),4,10,(+0),"charmed, exhaustion, frightened, grappled, paralyzed, petrified, poisoned, prone, restrained","cold, necrotic, poison","acid, fire, lightning, thunder; bludgeoning, piercing, and slashing from nonmagical attacks",13,(+1),"45 (10d8)",10,(+0),"any languages it knew in life",undead,"","darkvision 60 ft., passive Perception 11","","0 ft., fly 40 ft. (hover)",7,(-2),12,(+1),1100
Ghoul,"chaotic evil",12,"",6,(-2),1,10,(+0),"charmed, exhaustion, poisoned",poison,"",15,(+2),"22 (5d8)",7,(-2),Common,undead,"","darkvision 60 ft., passive Perception 10","","30 ft.",13,(+1),10,(+0),200
"Giant Ape",unaligned,12,"",7,(-2),7,18,(+4),"","","",14,(+2),"157 (15d12 + 60)",7,(-2),--,beast,"","passive Perception 14","Athletics +9, Perception +4","40 ft., climb 40 ft.",23,(+6),12,(+1),2900
"Giant Badger",unaligned,10,"",5,(-3),1/4,15,(+2),"","","",10,(+0),"13 (2d8 + 4)",2,(-4),--,beast,"","darkvision 30 ft., passive Perception 11","","30 ft., burrow 10 ft.",13,(+1),12,(+1),50
"Giant Bat",unaligned,13,"",6,(-2),1/4,11,(+0),"","","",16,(+3),"22 (4d10)",2,(-4),--,beast,"","blindsight 60 ft., passive Perception 11","","10 ft., fly 60 ft.",15,(+2),12,(+1),50
"Giant Boar",unaligned,12,"(natural armor)",5,(-3),2,16,(+3),"","","",10,(+0),"42 (5d10 + 15)",2,(-4),--,beast,"","passive Perception 8","","40 ft.",17,(+3),7,(-2),450
"Giant Centipede",unaligned,13,"(natural armor)",3,(-4),1/4,12,(+1),"","","",14,(+2),"4 (1d6 + 1)",1,(-5),--,beast,"","blindsight 30 ft., passive Perception 8","","30 ft., climb 30 ft.",5,(-3),7,(-2),50
"Giant Constrictor Snake",unaligned,12,"",3,(-4),2,12,(+1),"","","",14,(+2),"60 (8d12 + 8)",1,(-5),--,beast,"","blindsight 10 ft., passive Perception 12","Perception +2","30 ft., swim 30 ft.",19,(+4),10,(+0),450
"Giant Crab",unaligned,15,"(natural armor)",3,(-4),1/8,11,(+0),"","","",15,(+2),"13 (3d8)",1,(-5),--,beast,"","blindsight 30 ft., passive Perception 9","Stealth +4","30 ft., swim 30 ft.",13,(+1),9,(-1),25
"Giant Crocodile",unaligned,14,"(natural armor)",7,(-2),5,17,(+3),"","","",9,(-1),"85 (9d12 + 27)",2,(-4),--,beast,"","passive Perception 10","Stealth +5","30 ft., swim 50 ft.",21,(+5),10,(+0),1800
"Giant Eagle","neutral good",13,"",10,(+0),1,13,(+1),"","","",17,(+3),"26 (4d10 + 4)",8,(-1),"Giant Eagle, understands Common and Auran but can't speak them",beast,"","passive Perception 14","Perception +4","10 ft., fly 80 ft.",16,(+3),14,(+2),200
"Giant Elk",unaligned,14,"(natural armor)",10,(+0),2,14,(+2),"","","",16,(+3),"42 (5d12 + 10)",7,(-2),"Giant Elk, understands Common, Elvish, and Sylvan but can't speak them",beast,"","passive Perception 14","Perception +4","60 ft.",19,(+4),14,(+2),450
"Giant Fire Beetle",unaligned,13,"(natural armor)",3,(-4),0,12,(+1),"","","",10,(+0),"4 (1d6 + 1)",1,(-5),--,beast,"","blindsight 30 ft., passive Perception 8","","30 ft.",8,(-1),7,(-2),10
"Giant Frog",unaligned,11,"",3,(-4),1/4,11,(+0),"","","",13,(+1),"18 (4d8)",2,(-4),--,beast,"","darkvision 30 ft., passive Perception 12","Perception +2, Stealth +3","30 ft., swim 30 ft.",12,(+1),10,(+0),50
"Giant Goat",unaligned,11,"(natural armor)",6,(-2),1/2,12,(+1),"","","",11,(+0),"19 (3d10 + 3)",3,(-4),--,beast,"","passive Perception 11","","40 ft.",17,(+3),12,(+1),100
"Giant Hyena",unaligned,12,"",7,(-2),1,14,(+2),"","","",14,(+2),"45 (6d10 + 12)",2,(-4),--,beast,"","passive Perception 13","Perception +3","50 ft.",16,(+3),12,(+1),200
"Giant Lizard",unaligned,12,"(natural armor)",5,(-3),1/4,13,(+1),"","","",12,(+1),"19 (3d10 + 3)",2,(-4),--,beast,"","darkvision 30 ft., passive Perception 10","","30 ft., climb 30 ft.",15,(+2),10,(+0),50
"Giant Octopus",unaligned,11,"",4,(-3),1,13,(+1),"","","",13,(+1),"52 (8d10 + 8)",4,(-3),--,beast,"","darkvision 60 ft., passive Perception 14","Perception +4, Stealth +5","10 ft., swim 60 ft.",17,(+3),10,(+0),200
"Giant Owl",neutral,12,"",10,(+0),1/4,12,(+1),"","","",15,(+2),"19 (3d10 + 3)",8,(-1),"Giant Owl, understands Common, Elvish, and Sylvan but can't speak them",beast,"","darkvision 120 ft., passive Perception 15","Perception +5, Stealth +4","5 ft., fly 60 ft.",13,(+1),13,(+1),50
"Giant Poisonous Snake",unaligned,14,"",3,(-4),1/4,13,(+1),"","","",18,(+4),"11 (2d8 + 2)",2,(-4),--,beast,"","blindsight 10 ft., passive Perception 12","Perception +2","30 ft., swim 30 ft.",10,(+0),10,(+0),50
"Giant Rat",unaligned,12,"",4,(-3),1/8,11,(+0),"","","",15,(+2),"7 (2d6)",2,(-4),--,beast,"","darkvision 60 ft., passive Perception 10","","30 ft.",7,(-2),10,(+0),25
"Giant Scorpion",unaligned,15,"(natural armor)",3,(-4),3,15,(+2),"","","",13,(+1),"52 (7d10 + 14)",1,(-5),--,beast,"","blindsight 60 ft., passive Perception 9","","40 ft.",15,(+2),9,(-1),700
"Giant Sea Horse",unaligned,13,"(natural armor)",5,(-3),1/2,11,(+0),"","","",15,(+2),"16 (3d10)",2,(-4),--,beast,"","passive Perception 11","","0 ft., swim 40 ft.",12,(+1),12,(+1),100
"Giant Shark",unaligned,13,"(natural armor)",5,(-3),5,21,(+5),"","","",11,(+0),"126 (11d12 + 55)",1,(-5),--,beast,"","blindsight 60 ft., passive Perception 13","Perception +3","0 ft., swim 50 ft.",23,(+6),10,(+0),1800
"Giant Spider",unaligned,14,"(natural armor)",4,(-3),1,12,(+1),"","","",16,(+3),"26 (4d10 + 4)",2,(-4),--,beast,"","blindsight 10 ft., darkvision 60 ft., passive Perception 10","Stealth +7","30 ft., climb 30 ft.",14,(+2),11,(+0),200
"Giant Toad",unaligned,11,"",3,(-4),1,13,(+1),"","","",13,(+1),"39 (6d10 + 6)",2,(-4),--,beast,"","darkvision 30 ft., passive Perception 10","","20 ft., swim 40 ft.",15,(+2),10,(+0),200
"Giant Vulture","neutral evil",10,"",7,(-2),1,15,(+2),"","","",10,(+0),"22 (3d10 + 6)",6,(-2),"understands Common but can't speak",beast,"","passive Perception 13","Perception +3","10 ft., fly 60 ft.",15,(+2),12,(+1),200
"Giant Wasp",unaligned,12,"",3,(-4),1/2,10,(+0),"","","",14,(+2),"13 (3d8)",1,(-5),--,beast,"","passive Perception 10","","10 ft., fly 50 ft.",10,(+0),10,(+0),100
"Giant Weasel",unaligned,13,"",5,(-3),1/8,10,(+0),"","","",16,(+3),"9 (2d8)",4,(-3),--,beast,"","darkvision 60 ft., passive Perception 13","Perception +3, Stealth +5","40 ft.",11,(+0),12,(+1),25
"Giant Wolf Spider",unaligned,13,"",4,(-3),1/4,13,(+1),"","","",16,(+3),"11 (2d8 + 2)",3,(-4),--,beast,"","blindsight 10 ft., darkvision 60 ft., passive Perception 13","Perception +3, Stealth +7","40 ft., climb 40 ft.",12,(+1),12,(+1),50
"Gibbering Mouther",neutral,9,"",6,(-2),2,16,(+3),prone,"","",8,(-1),"67 (9d8 + 27)",3,(-4),--,aberration,"","darkvision 60 ft., passive Perception 10","","10 ft., swim 10 ft.",10,(+0),10,(+0),450
Glabrezu,"chaotic evil",17,"(natural armor)",16,(+3),9,21,(+5),poisoned,poison,"cold, fire, lightning; bludgeoning, piercing, and slashing from nonmagical attacks",15,(+2),"157 (15d10 + 75)",19,(+4),"Abyssal, telepathy 120 ft.","fiend (demon)","Str +9, Con +9, Wis +7, Cha +7","truesight 120 ft., passive Perception 13","","40 ft.",20,(+5),17,(+3),5000
Gladiator,"any alignment",16,"(studded leather, shield)",15,(+2),5,16,(+3),"","","",15,(+2),"112 (15d8 + 45)",10,(+0),"any one language (usually Common)","humanoid (any race)","Str +7, Dex +5, Con +6","passive Perception 11","Athletics +10, Intimidation +5","30 ft.",18,(+4),12,(+1),1800
Gnoll,"chaotic evil",15,"(hide armor, shield)",7,(-2),1/2,11,(+0),"","","",12,(+1),"22 (5d8)",6,(-2),Gnoll,"humanoid (gnoll)","","darkvision 60 ft., passive Perception 10","","30 ft.",14,(+2),10,(+0),100
"Gnome, Deep (Svirfneblin)","neutral good",15,"(chain shirt)",9,(-1),1/2,14,(+2),"","","",14,(+2),"16 (3d6 + 6)",12,(+1),"Gnomish, Terran, Undercommon","humanoid (gnome)","","darkvision 120 ft., passive Perception 12","Investigation +3, Perception +2, Stealth +4","20 ft.",15,(+2),10,(+0),100
Goat,unaligned,10,"",5,(-3),0,11,(+0),"","","",10,(+0),"4 (1d8)",2,(-4),--,beast,"","passive Perception 10","","40 ft.",12,(+1),10,(+0),10
Goblin,"neutral evil",15,"(leather armor, shield)",8,(-1),1/4,10,(+0),"","","",14,(+2),"7 (2d6)",10,(+0),"Common, Goblin","humanoid (goblinoid)","","darkvision 60 ft., passive Perception 9","Stealth +6","30 ft.",8,(-1),8,(-1),50
"Gold Dragon Wyrmling","lawful evil",17,"(natural armor)",16,(+3),3,17,(+3),"",fire,"",14,(+2),"60 (8d8 + 24)",14,(+2),Draconic,dragon,"Dex +4, Con +5, Wis +2, Cha +5","blindsight 10 ft., darkvision 60 ft., passive Perception 14","Perception +4, Stealth +4","30 ft., fly 60 ft., swim 30ft.",19,(+4),11,(+0),700
Gorgon,unaligned,19,"(natural armor)",7,(-2),5,18,(+4),petrified,"","",11,(+0),"114 (12d10 + 48)",2,(-4),--,monstrosity,"","darkvision 60 ft., passive Perception 14","Perception +4","40 ft.",20,(+5),12,(+1),1800
"Gray Ooze",unaligned,8,"",2,(-4),1/2,16,(+3),"blinded, charmed, deafened, exhaustion, frightened, prone","","acid, cold, fire",6,(-2),"22 (3d8 + 9)",1,(-5),--,ooze,"","blindsight 60 ft. (blind beyond this radius), passive Perception 8","Stealth +2","10 ft., climb 10 ft.",12,(+1),6,(-2),100
"Green Dragon Wyrmling","lawful evil",17,"(natural armor)",13,(+1),2,13,(+1),poisoned,poison,"",12,(+1),"38 (7d8 + 7)",14,(+2),Draconic,dragon,"Dex +3, Con +3, Wis +2, Cha +3","blindsight 10 ft., darkvision 60 ft., passive Perception 14","Perception +4, Stealth +3","30 ft., fly 60 ft., swim 30 ft.",15,(+2),11,(+0),450
"Green Hag","neutral evil",17,"(natural armor)",14,(+2),3,16,(+3),"","","",12,(+1),"82 (11d8 + 33)",13,(+1),"Common, Draconic, Sylvan",fey,"","darkvision 60 ft., passive Perception 14","Arcana +3, Deception +4, Perception +4, Stealth +3","30 ft.",18,(+4),14,(+2),700
Grick,neutral,14,"(natural armor)",5,(-3),2,11,(+0),"","","bludgeoning, piercing, and slashing from nonmagical attacks",14,(+2),"27 (6d8)",3,(-4),--,monstrosity,"","darkvision 60 ft., passive Perception 12","","30 ft., climb 30 ft.",14,(+2),14,(+2),450
Griffon,unaligned,12,"",8,(-1),2,16,(+3),"","","",15,(+2),"59 (7d10 + 21)",2,(-4),--,monstrosity,"","darkvision 60 ft., passive Perception 15","Perception +5","30 ft., fly 80 ft.",18,(+4),13,(+1),450
Grimlock,"neutral evil",11,"",6,(-2),1/4,12,(+1),blinded,"","",12,(+1),"11 (2d8 + 2)",9,(-1),Undercommon,"humanoid (grimlock)","","blindsight 30 ft. or 10 ft. while deafened (blind beyond this radius), passive Perception 13","Athletics +5, Perception +3, Stealth +3","30 ft.",16,(+3),8,(-1),50
Guard,"any alignment",16,"(chain shirt, shield)",10,(+0),1/8,12,(+1),"","","",12,(+1),"11 (2d8 + 2)",10,(+0),"any one language (usually Common)","humanoid (any race)","","passive Perception 12","Perception +2","30 ft.",13,(+1),11,(+0),25
"Guardian Naga","lawful good",18,"(natural armor)",18,(+4),10,16,(+3),"charmed, poisoned",poison,"",18,(+4),"127 (15d10 + 45)",16,(+3),"Celestial, Common",monstrosity,"Dex +8, Con +7, Int +7, Wis +8, Cha +8","darkvision 60 ft., passive Perception 14","","40 ft.",19,(+4),19,(+4),5900
Gynosphinx,"lawful neutral",17,"(natural armor)",18,(+4),11,16,(+3),"charmed, frightened",psychic,"bludgeoning, piercing, and slashing from nonmagical attacks",15,(+2),"136 (16d10 + 48)",18,(+4),"Common, Sphinx",monstrosity,"","truesight 120 ft., passive Perception 18","Arcana +12, History +12, Perception +8, Religion +8","40 ft., fly 60 ft.",18,(+4),18,(+4),7200
"Half-Red Dragon Veteran","any alignment",18,(plate),10,(+0),5,14,(+2),"","",fire,13,(+1),"65 (10d8 + 20)",10,(+0),"Common, Draconic","humanoid (human)","","blindsight 10 ft., darkvision 60 ft., passive Perception 12","Athletics +5, Perception +2","30 ft.",16,(+3),11,(+0),1800
Harpy,"chaotic evil",11,"",13,(+1),1,12,(+1),"","","",13,(+1),"38 (7d8 + 7)",7,(-2),Common,monstrosity,"","passive Perception 10","","20 ft., fly 40 ft.",12,(+1),10,(+0),200
Hawk,unaligned,13,"",6,(-2),0,8,(-1),"","","",16,(+3),"1 (1d4 - 1)",2,(-4),--,beast,"","passive Perception 14","Perception +4","10 ft., fly 60 ft.",5,(-3),14,(+2),10
"Hell Hound","lawful evil",15,"(natural armor)",6,(-2),3,14,(+2),"",fire,"",12,(+1),"45 (7d8 + 14)",6,(-2),"understands Infernal but can't speak it",fiend,"","darkvision 60 ft., passive Perception 15","Perception +5","50 ft.",17,(+3),13,(+1),700
Hezrou,"chaotic evil",16,"(natural armor)",13,(+1),8,20,(+5),poisoned,poison,"cold, fire, lightning; bludgeoning, piercing, and slashing from nonmagical attacks",17,(+3),"136 (13d10 + 65)",5,(-3),"Abyssal, telepathy 120 ft.","fiend (demon)","Str +7, Con +8, Wis +4","darkvision 120 ft., passive Perception 11","","30 ft.",19,(+4),12,(+1),3900
"Hill Giant","chaotic evil",13,"(natural armor)",6,(-2),5,19,(+4),"","","",8,(-1),"105 (10d12 + 40)",5,(-3),Giant,giant,"","passive Perception 12","Perception +2","40 ft.",21,(+5),9,(-1),1800
Hippogriff,unaligned,11,"",8,(-1),1,13,(+1),"","","",13,(+1),"19 (3d10 + 3)",2,(-4),--,monstrosity,"","passive Perception 15","Perception +5","40 ft., fly 60 ft.",17,(+3),12,(+1),200
Hobgoblin,"lawful evil",18,"(chain mail, shield)",9,(-1),1/2,12,(+1),"","","",12,(+1),"11 (2d8 + 2)",10,(+0),"Common, Goblin","humanoid (goblinoid)","","darkvision 60 ft., passive Perception 10","","30 ft.",13,(+1),10,(+0),100
Homunculus,neutral,13,"(natural armor)",7,(-2),0,11,(+0),"charmed, poisoned",poison,"",15,(+2),"5 (2d4)",10,(+0),"understands the languages of its creator but can't speak",construct,"","darkvision 60 ft., passive Perception 10","","20 ft., fly 40 ft.",4,(-3),10,(+0),10
"Horned Devil","lawful evil",18,"(natural armor)",17,(+3),11,21,(+5),poisoned,"fire, poison","cold; bludgeoning, piercing, and slashing from nonmagical attacks not made with silvered weapons",17,(+3),"148 (17d10 + 55)",12,(+1),"Infernal, telepathy 120 ft.","fiend (devil)","Str +10, Dex +7, Wis +7, Cha +7","darkvision 120 ft., passive Perception 13","","20 ft., fly 60 ft.",22,(+6),16,(+3),7200
"Hunter Shark",unaligned,12,"(natural armor)",4,(-3),2,15,(+2),"","","",13,(+1),"45 (6d10 + 12)",1,(-5),--,beast,"","blindsight 30 ft., passive Perception 12","Perception +2","0 ft., swim 40 ft.",18,(+4),10,(+0),450
Hydra,unaligned,15,"(natural armor)",7,(-2),8,20,(+5),"","","",12,(+1),"172 (15d12 + 75)",2,(-4),--,monstrosity,"","darkvision 60 ft., passive Perception 16","Perception +6","30 ft., swim 30 ft.",20,(+5),10,(+0),3900
Hyena,unaligned,11,"",5,(-3),0,12,(+1),"","","",13,(+1),"5 (1d8 + 1)",2,(-4),--,beast,"","passive Perception 13","Perception +3","50 ft.",11,(+0),12,(+1),10
"Ice Devil","lawful evil",18,"(natural armor)",18,(+4),14,18,(+4),poisoned,"cold, fire, poison","bludgeoning, piercing, and slashing from nonmagical attacks that aren't silvered",14,(+2),"180 (19d10 + 76)",18,(+4),"Infernal, telepathy 120 ft.","fiend (devil)","Dex +7, Con +9, Wis +7, Cha +9","blindsight 60 ft., darkvision 120 ft., passive Perception 12","","40 ft.",21,(+5),15,(+2),11500
"Ice Mephit","neutral evil",11,"",12,(+1),1/2,10,(+0),poisoned,"cold, poison","",13,(+1),"21 (6d6)",9,(-1),"Aquan, Auran",elemental,"","darkvision 60 ft., passive Perception 12","Perception +2, Stealth +3","30 ft., fly 30 ft.",7,(-2),11,(+0),100
Imp,"lawful evil",13,"",14,(+2),1,13,(+1),poisoned,"fire, poison","cold; bludgeoning, piercing, and slashing from nonmagical attacks that aren't silvered",17,(+3),"10 (3d4 + 3)",11,(+0),"Infernal, Common","fiend (devil)","","darkvision 120 ft., passive Perception 11","Deception +4, Insight +3, Persuasion +4, Stealth +5","20 ft., fly 40 ft.",6,(-2),12,(+1),200
"Invisible Stalker",neutral,14,"",11,(+0),6,14,(+2),"exhaustion, grappled, paralyzed, petrified, poisoned, prone, restrained, unconscious",poison,"bludgeoning, piercing, and slashing from nonmagical attacks",19,(+4),"104 (16d8 + 32)",10,(+0),"Auran, understands Common but doesn't speak it",elemental,"","darkvision 60 ft., passive Perception 18","Perception +8, Stealth +10","50 ft., fly 50 ft. (hover)",16,(+3),15,(+2),2300
"Iron Golem",unaligned,20,"(natural armor)",1,(-5),16,20,(+5),"charmed, exhaustion, frightened, paralyzed, petrified, poisoned","fire, poison, psychic; bludgeoning, piercing, and slashing from nonmagical attacks that aren't adamantine","",9,(-1),"210 (20d10 + 100)",3,(-4),"understands the languages of its creator but can't speak",construct,"","darkvision 120 ft., passive Perception 10","","30 ft.",24,(+7),11,(+0),15000
Jackal,unaligned,12,"",6,(-2),0,11,(+0),"","","",15,(+2),"3 (1d6)",3,(-4),--,beast,"","passive Perception 13","Perception +3","40 ft.",8,(-1),12,(+1),10
"Killer Whale",unaligned,12,"(natural armor)",7,(-2),3,13,(+1),"","","",10,(+0),"90 (12d12 + 12)",3,(-4),--,beast,"","blindsight 120 ft., passive Perception 13","Perception +3","0 ft., swim 60 ft.",19,(+4),12,(+1),700
Knight,"any alignment",18,(plate),15,(+2),3,14,(+2),"","","",11,(+0),"52 (8d8 + 16)",11,(+0),"any one language (usually Common)","humanoid (any race)","Con +4, Wis +2","passive Perception 10","","30 ft.",16,(+3),11,(+0),700
Kobold,"lawful evil",12,"",8,(-1),1/8,9,(-1),"","","",15,(+2),"5 (2d6 - 2)",8,(-1),"Common, Draconic","humanoid (kobold)","","darkvision 60 ft., passive Perception 8","","30 ft.",7,(-2),7,(-2),25
Kraken,"chaotic evil",18,"(natural armor)",20,(+5),23,25,(+7),"frightened, paralyzed","lightning; bludgeoning, piercing, and slashing from nonmagical attacks","",11,(+0),"472 (27d20 + 189)",22,(+6),"understands Abyssal, Celestial, Infernal, and Primordial but can't speak, telepathy 120 ft.","monstrosity (titan)","Str +17, Dex +7, Con +14, Int +13, Wis +11","truesight 120 ft., passive Perception 14","","20 ft., swim 60 ft.",30,(+10),18,(+4),50000
Lamia,"chaotic evil",13,"(natural armor)",16,(+3),4,15,(+2),"","","",13,(+1),"97 (13d10 + 26)",14,(+2),"Abyssal, Common",monstrosity,"","darkvision 60 ft., passive Perception 12","Deception +7, Insight +4, Stealth +3","30 ft.",16,(+3),15,(+2),1100
Lemure,"lawful evil",7,"",3,(-4),0,11,(+0),"charmed, frightened, poisoned","fire, poison",cold,5,(-3),"13 (3d8)",1,(-5),"understands Infernal but can't speak","fiend (devil)","","darkvision 120 ft., passive Perception 10","","15 ft.",10,(+0),11,(+0),10
Lich,"any evil alignment",17,"(natural armor)",16,(+3),21,16,(+3),"charmed, exhaustion, frightened, paralyzed, poisoned","poison; bludgeoning, piercing, and slashing from nonmagical attacks","cold, lightning, necrotic",16,(+3),"135 (18d8 + 54)",20,(+5),"Common plus up to five other languages",undead,"Con +10, Int +12, Wis +9","truesight 120 ft., passive Perception 19","Arcana +18, History +12, Insight +9, Perception +9","30 ft.",11,(+0),14,(+2),33000
Lion,unaligned,12,"",8,(-1),1,13,(+1),"","","",15,(+2),"26 (4d10 + 4)",3,(-4),--,beast,"","passive Perception 13","Perception +3, Stealth +6","50 ft.",17,(+3),12,(+1),200
Lizard,unaligned,10,"",3,(-4),0,10,(+0),"","","",11,(+0),"2 (1d4)",1,(-5),--,beast,"","darkvision 30 ft., passive Perception 9","","20 ft., climb 20 ft.",2,(-4),8,(-1),10
Lizardfolk,neutral,15,"(natural armor, shield)",7,(-2),1/2,13,(+1),"","","",10,(+0),"22 (4d8 + 4)",7,(-2),Draconic,"humanoid (lizardfolk)","","passive Perception 13","Perception +3, Stealth +4, Survival +5","30 ft., swim 30 ft.",15,(+2),12,(+1),100
Mage,"any alignment",12,"(15 with mage armor)",11,(+0),6,11,(+0),"","","",14,(+2),"40 (9d8)",17,(+3),"any four languages","humanoid (any race)","Int +6, Wis +4","passive Perception 11","Arcana +6, History +6","30 ft.",9,(-1),12,(+1),2300
"Magma Mephit","neutral evil",11,"",10,(+0),1/2,12,(+1),poisoned,"fire, poison","",12,(+1),"22 (5d6 + 5)",7,(-2),"Ignan, Terran",elemental,"","darkvision 60 ft., passive Perception 10","Stealth +3","30 ft., fly 30 ft.",8,(-1),10,(+0),100
Magmin,"chaotic neutral",14,"(natural armor)",10,(+0),1/2,12,(+1),"",fire,"bludgeoning, piercing, and slashing from nonmagical attacks",15,(+2),"9 (2d6 + 2)",8,(-1),Ignan,elemental,"","darkvision 60 ft., passive Perception 10","","30 ft.",7,(-2),11,(+0),100
Mammoth,unaligned,13,"(natural armor)",6,(-2),6,21,(+5),"","","",9,(-1),"126 (11d12 + 55)",3,(-4),--,beast,"","passive Perception 10","","40 ft.",24,(+7),11,(+0),2300
Manticore,"lawful evil",14,"(natural armor)",8,(-1),3,17,(+3),"","","",16,(+3),"68 (8d10 + 24)",7,(-2),Common,monstrosity,"","darkvision 60 ft., passive Perception 11","","30 ft., fly 50 ft.",17,(+3),12,(+1),700
Marilith,"chaotic evil",18,"(natural armor)",20,(+5),16,20,(+5),poisoned,poison,"cold, fire, lightning; bludgeoning, piercing, and slashing from nonmagical attacks",20,(+5),"189 (18d10 + 90)",18,(+4),"Abyssal, telepathy 120 ft.","fiend (demon)","Str +9, Con +10, Wis +8, Cha +10","truesight 120 ft., passive Perception 13","","40 ft.",18,(+4),16,(+3),15000
Mastiff,unaligned,12,"",7,(-2),1/8,12,(+1),"","","",14,(+2),"5 (1d8 + 1)",3,(-4),--,beast,"","passive Perception 13","Perception +3","40 ft.",13,(+1),12,(+1),25
Medusa,"lawful evil",15,"(natural armor)",15,(+2),6,16,(+3),"","","",15,(+2),"127 (17d8 + 51)",12,(+1),Common,monstrosity,"","darkvision 60 ft., passive Perception 14","Deception +5, Insight +4, Perception +4, Stealth +5","30 ft.",10,(+0),13,(+1),2300
Merfolk,neutral,11,"",12,(+1),1/8,12,(+1),"","","",13,(+1),"11 (2d8 + 2)",11,(+0),"Aquan, Common","humanoid (merfolk)","","passive Perception 12","Perception +2","10 ft., swim 40 ft.",10,(+0),11,(+0),25
Merrow,"chaotic evil",13,"(natural armor)",9,(-1),2,15,(+2),"","","",10,(+0),"45 (6d10 + 12)",8,(-1),"Abyssal, Aquan",monstrosity,"","darkvision 60 ft., passive Perception 10","","10 ft., swim 40 ft.",18,(+4),10,(+0),450
Mimic,neutral,12,"(natural armor)",8,(-1),2,15,(+2),prone,acid,"",12,(+1),"58 (9d8 + 18)",5,(-3),--,"monstrosity (shapechanger)","","darkvision 60 ft., passive Perception 11","Stealth +5","15 ft.",17,(+3),13,(+1),450
Minotaur,"chaotic evil",14,"(natural armor)",9,(-1),3,16,(+3),"","","",11,(+0),"76 (9d10 + 27)",6,(-2),Abyssal,monstrosity,"","darkvision 60 ft., passive Perception 17","Perception +7","40 ft.",18,(+4),16,(+3),700
"Minotaur Skeleton","lawful evil",12,"(natural armor)",5,(-3),2,15,(+2),"exhaustion, poisoned",poison,"",11,(+0),"67 (9d10 + 18)",6,(-2),"understands Abyssal but can't speak",undead,"","darkvision 60 ft., passive Perception 9","","40 ft.",18,(+4),8,(-1),450
Mule,unaligned,10,"",5,(-3),1/8,13,(+1),"","","",10,(+0),"11 (2d8 + 2)",2,(-4),--,beast,"","passive Perception 10","","40 ft.",14,(+2),10,(+0),25
Mummy,"lawful evil",11,"(natural armor)",12,(+1),3,15,(+2),"charmed, exhaustion, frightened, paralyzed, poisoned","necrotic, poison","bludgeoning, piercing, and slashing from nonmagical attacks",8,(-1),"58 (9d8 + 18)",6,(-2),"the languages it knew in life",undead,"Wis +2","darkvision 60 ft., passive Perception 10","","20 ft.",16,(+3),10,(+0),700
"Mummy Lord","lawful evil",17,"(natural armor)",16,(+3),15,17,(+3),"charmed, exhaustion, frightened, paralyzed, poisoned","necrotic, poison; bludgeoning, piercing, and slashing from nonmagical attacks","",10,(+0),"97 (13d8 + 39)",11,(+0),"the languages it knew in life",undead,"Con +8, Int +5, Wis +9, Cha +8","darkvision 60 ft., passive Perception 14","History +5, Religion +5","20 ft.",18,(+4),18,(+4),13000
Nalfeshnee,"chaotic evil",18,"(natural armor)",15,(+2),13,22,(+6),poisoned,poison,"cold, fire, lightning; bludgeoning, piercing, and slashing from nonmagical attacks",10,(+0),"184 (16d10 + 96)",19,(+4),"Abyssal, telepathy 120 ft.","fiend (demon)","Con +11, Int +9, Wis +6, Cha +7","truesight 120 ft., passive Perception 11","","20 ft., fly 30 ft.",21,(+5),12,(+1),10000
"Night Hag","neutral evil",17,"(natural armor)",16,(+3),5,16,(+3),charmed,"","cold, fire; bludgeoning, piercing, and slashing from nonmagical attacks not made with silvered weapons",15,(+2),"112 (15d8 + 45)",16,(+3),"Abyssal, Common, Infernal, Primordial",fiend,"","darkvision 120 ft., passive Perception 16","Deception +7, Insight +6, Perception +6, Stealth +6","30 ft.",18,(+4),14,(+2),1800
Nightmare,"neutral evil",13,"(natural armor)",15,(+2),3,16,(+3),"",fire,"",15,(+2),"68 (8d10 + 24)",10,(+0),"understands Abyssal, Common, and Infernal but can't speak",fiend,"","passive Perception 11","","60 ft., fly 90 ft.",18,(+4),13,(+1),700
Noble,"any alignment",15,(breastplate),16,(+3),1/8,11,(+0),"","","",12,(+1),"9 (2d8)",12,(+1),"any two languages","humanoid (any race)","","passive Perception 12","Deception +5, Insight +4, Persuasion +5","30 ft.",11,(+0),14,(+2),25
"Ochre Jelly",unaligned,8,"",1,(-5),2,14,(+2),"blinded, charmed, deafened, exhaustion, frightened, prone","lightning, slashing",acid,6,(-2),"45 (6d10 + 12)",2,(-4),--,ooze,"","blindsight 60 ft. (blind beyond this radius), passive Perception 8","","10 ft., climb 10 ft.",15,(+2),6,(-2),450
Octopus,unaligned,12,"",4,(-3),0,11,(+0),"","","",15,(+2),"3 (1d6)",3,(-4),--,beast,"","darkvision 30 ft., passive Perception 12","Perception +2, Stealth +4","5 ft., swim 30 ft.",4,(-3),10,(+0),10
Ogre,"chaotic evil",11,"(hide armor)",7,(-2),2,16,(+3),"","","",8,(-1),"59 (7d10 + 21)",5,(-3),"Common, Giant",giant,"","darkvision 60 ft., passive Perception 8","","40 ft.",19,(+4),7,(-2),450
"Ogre Zombie","neutral evil",8,"",5,(-3),2,18,(+4),poisoned,poison,"",6,(-2),"85 (9d10 + 36)",3,(-4),"understands Common and Giant but can't speak",undead,"Wis +0","darkvision 60 ft., passive Perception 8","","30 ft.",19,(+4),6,(-2),450
Oni,"lawful evil",16,"(chain mail)",15,(+2),7,16,(+3),"","","",11,(+0),"110 (13d10 + 39)",14,(+2),"Common, Giant",giant,"Dex +3, Con +6, Wis +4, Cha +5","darkvision 60 ft., passive Perception 14","Arcana +5, Deception +8, Perception +4","30 ft., fly 30 ft.",19,(+4),12,(+1),2900
Orc,"chaotic evil",13,"(hide armor)",10,(+0),1/2,16,(+3),"","","",12,(+1),"15 (2d8 + 6)",7,(-2),"Common, Orc","humanoid (orc)","","darkvision 60 ft., passive Perception 10","Intimidation +2","30 ft.",16,(+3),11,(+0),100
Otyugh,neutral,14,"(natural armor)",6,(-2),5,19,(+4),"","","",11,(+0),"114 (12d10 + 48)",6,(-2),Otyugh,aberration,"Con +7","darkvision 120 ft., passive Perception 11","","30 ft.",16,(+3),13,(+1),1800
Owl,unaligned,11,"",7,(-2),0,8,(-1),"","","",13,(+1),"1 (1d4 - 1)",2,(-4),--,beast,"","darkvision 120 ft., passive Perception 13","Perception +3, Stealth +3","5 ft., fly 60 ft.",3,(-4),12,(+1),10
Owlbear,unaligned,13,"(natural armor)",7,(-2),3,17,(+3),"","","",12,(+1),"59 (7d10 + 21)",3,(-4),--,monstrosity,"","darkvision 60 ft., passive Perception 13","Perception +3","40 ft.",20,(+5),12,(+1),700
Panther,unaligned,12,"",7,(-2),1/4,10,(+0),"","","",15,(+2),"13 (3d8)",3,(-4),--,beast,"","passive Perception 14","Perception +4, Stealth +6","50 ft., climb 40 ft.",14,(+2),14,(+2),50
Pegasus,"chaotic good",12,"",13,(+1),2,16,(+3),"","","",15,(+2),"59 (7d10 + 21)",10,(+0),"understands Celestial, Common, Elvish, and Sylvan but can't speak",celestial,"Dex +4, Wis +4, Cha +3","passive Perception 16","Perception +6","60 ft., fly 90 ft.",18,(+4),15,(+2),450
"Phase Spider",unaligned,13,"(natural armor)",6,(-2),3,12,(+1),"","","",15,(+2),"32 (5d10 + 5)",6,(-2),--,monstrosity,"","darkvision 60 ft., passive Perception 10","Stealth +6","30 ft., climb 30 ft.",15,(+2),10,(+0),700
"Pit Fiend","lawful evil",19,"(natural armor)",24,(+7),20,24,(+7),poisoned,"fire, poison","cold; bludgeoning, piercing, and slashing from nonmagical attacks that aren't silvered",14,(+2),"300 (24d10 + 168)",22,(+6),"Infernal, telepathy 120 ft.","fiend (devil)","Dex +8, Con +13, Wis +10","truesight 120 ft., passive Perception 14","","30 ft., fly 60 ft.",26,(+8),18,(+4),25000
Planetar,"lawful good",19,"(natural armor)",25,(+7),16,24,(+7),"charmed, exhaustion, frightened","","radiant; bludgeoning, piercing, and slashing from nonmagical attacks",20,(+5),"200 (16d10 + 112)",19,(+4),"all, telepathy 120 ft.",celestial,"Con +12, Wis +11, Cha +12","truesight 120 ft., passive Perception 21","Perception +11","40 ft., fly 120 ft.",24,(+7),22,(+6),15000
Plesiosaurus,unaligned,13,"(natural armor)",5,(-3),2,16,(+3),"","","",15,(+2),"68 (8d10 + 24)",2,(-4),--,beast,"","passive Perception 13","Perception +3, Stealth +4","20 ft., swim 40 ft.",18,(+4),12,(+1),450
"Poisonous Snake",unaligned,13,"",3,(-4),1/8,11,(+0),"","","",16,(+3),"2 (1d4)",1,(-5),--,beast,"","blindsight 10 ft., passive Perception 10","","30 ft., swim 30 ft.",2,(-4),10,(+0),25
"Polar Bear",unaligned,12,"(natural armor)",7,(-2),2,16,(+3),"","","",10,(+0),"42 (5d10 + 15)",2,(-4),--,beast,"","passive Perception 13","Perception +3","40 ft., swim 30 ft.",20,(+5),13,(+1),450
Pony,unaligned,10,"",7,(-2),1/8,13,(+1),"","","",10,(+0),"11 (2d8 + 2)",2,(-4),--,beast,"","passive Perception 10","","40 ft.",15,(+2),11,(+0),25
Priest,"any alignment",13,"(chain shirt)",13,(+1),2,12,(+1),"","","",10,(+0),"27 (5d8 + 5)",13,(+1),"any two languages","humanoid (any race)","","passive Perception 13","Medicine +7, Persuasion +3, Religion +4","25 ft.",10,(+0),16,(+3),450
Pseudodragon,"neutral good",13,"(natural armor)",10,(+0),1/4,13,(+1),"","","",15,(+2),"7 (2d4 + 2)",10,(+0),"understands Common and Draconic but can't speak",dragon,"",". The pseudodragon has advantage on Wisdom (Perception) checks that rely on sight, hearing, or smell.","Perception +3, Stealth +4","15 ft., fly 60 ft.",6,(-2),12,(+1),50
"Purple Worm",unaligned,18,"(natural armor)",4,(-3),15,22,(+6),"","","",7,(-2),"247 (15d20 + 90)",1,(-5),--,monstrosity,"Con +11, Wis +4","blindsight 30 ft., tremorsense 60 ft., passive Perception 9","","50 ft., burrow 30 ft.",28,(+9),8,(-1),13000
Quasit,"chaotic evil",13,"",10,(+0),1,10,(+0),poisoned,poison,"cold, fire, lightning; bludgeoning, piercing, and slashing from nonmagical attacks",17,(+3),"7 (3d4)",7,(-2),"Abyssal, Common","fiend (demon)","","darkvision 120 ft., passive Perception 10","Stealth +5","40 ft.",5,(-3),10,(+0),200
Quipper,unaligned,13,"",2,(-4),0,9,(-1),"","","",16,(+3),"1 (1d4 - 1)",1,(-5),--,beast,"","darkvision 60 ft., passive Perception 8","","0 ft., swim 40 ft.",2,(-4),7,(-2),10
Rakshasa,"lawful evil",16,"(natural armor)",20,(+5),13,18,(+4),"","bludgeoning, piercing, and slashing from nonmagical attacks","",17,(+3),"110 (13d8 + 52)",13,(+1),"Common, Infernal",fiend,"","darkvision 60 ft., passive Perception 13","Deception +10, Insight +8","40 ft.",14,(+2),16,(+3),10000
Rat,unaligned,10,"",4,(-3),0,9,(-1),"","","",11,(+0),"1 (1d4 - 1)",2,(-4),--,beast,"","darkvision 30 ft., passive Perception 10","","20 ft.",2,(-4),10,(+0),10
Raven,unaligned,12,"",6,(-2),0,8,(-1),"","","",14,(+2),"1 (1d4 - 1)",2,(-4),--,beast,"","passive Perception 13","Perception +3","10 ft., fly 50 ft.",2,(-4),12,(+1),10
"Red Dragon Wyrmling","chaotic evil",17,"(natural armor)",15,(+2),4,17,(+3),"",fire,"",10,(+0),"75 (10d8 + 30)",12,(+1),Draconic,dragon,"Dex +2, Con +5, Wis +2, Cha +4","blindsight 10 ft., darkvision 60 ft., passive Perception 14","Perception +4, Stealth +2","30 ft., climb 30 ft., fly 60 ft.",19,(+4),11,(+0),1100
"Reef Shark",unaligned,12,"(natural armor)",4,(-3),1/2,13,(+1),"","","",13,(+1),"22 (4d8 + 4)",1,(-5),--,beast,"","blindsight 30 ft., passive Perception 12","Perception +2","0 ft., swim 40 ft.",14,(+2),10,(+0),100
Remorhaz,unaligned,17,"(natural armor)",5,(-3),11,21,(+5),"","cold, fire","",13,(+1),"195 (17d12 + 85)",4,(-3),--,monstrosity,"","darkvision 60 ft., tremorsense 60 ft., passive Perception 10","","30 ft., burrow 20 ft.",24,(+7),10,(+0),7200
Rhinoceros,unaligned,11,"(natural armor)",6,(-2),2,15,(+2),"","","",8,(-1),"45 (6d10 + 12)",2,(-4),--,beast,"","passive Perception 11","","40 ft.",21,(+5),12,(+1),450
"Riding Horse",unaligned,10,"",7,(-2),1/4,12,(+1),"","","",10,(+0),"13 (2d10 + 2)",2,(-4),--,beast,"","passive Perception 10","","60 ft.",16,(+3),11,(+0),50
Roc,unaligned,15,"(natural armor)",9,(-1),11,20,(+5),"","","",10,(+0),"248 (16d20 + 80)",3,(-4),--,monstrosity,"Dex +4, Con +9, Wis +4, Cha +3","passive Perception 14","Perception +4","20 ft., fly 120 ft.",28,(+9),10,(+0),7200
Roper,"neutral evil",20,"(natural armor)",6,(-2),5,17,(+3),"","","",8,(-1),"93 (11d10 + 33)",7,(-2),--,monstrosity,"","darkvision 60 ft., passive Perception 16","Perception +6, Stealth +5","10 ft., climb 10 ft.",18,(+4),16,(+3),1800
"Rug of Smothering",unaligned,12,"",1,(-5),2,10,(+0),"blinded, charmed, deafened, frightened, paralyzed, petrified, poisoned","poison, psychic","",14,(+2),"33 (6d10)",1,(-5),--,construct,"","blindsight 60 ft. (blind beyond this radius), passive Perception 6","","10 ft.",17,(+3),3,(-4),450
"Rust Monster",unaligned,14,"(natural armor)",6,(-2),1/2,13,(+1),"","","",12,(+1),"27 (5d8 + 5)",2,(-4),--,monstrosity,"","darkvision 60 ft., passive Perception 11","","40 ft.",13,(+1),13,(+1),100
"Saber-Toothed Tiger",unaligned,12,"",8,(-1),2,15,(+2),"","","",14,(+2),"52 (7d10 + 14)",3,(-4),--,beast,"","passive Perception 13","Perception +3, Stealth +6","40 ft.",18,(+4),12,(+1),450
Sahuagin,"lawful evil",12,"(natural armor)",9,(-1),1/2,12,(+1),"","","",11,(+0),"22 (4d8 + 4)",12,(+1),Sahuagin,"humanoid (sahuagin)","","darkvision 120 ft., passive Perception 15","Perception +5","30 ft., swim 40 ft.",13,(+1),13,(+1),100
Salamander,"neutral evil",15,"(natural armor)",12,(+1),5,15,(+2),"",fire,"bludgeoning, piercing, and slashing from nonmagical attacks",14,(+2),"90 (12d10 + 24)",11,(+0),Ignan,elemental,"","darkvision 60 ft., passive Perception 10","","30 ft.",18,(+4),10,(+0),1800
Satyr,"chaotic neutral",14,"(leather armor)",14,(+2),1/2,11,(+0),"","","",16,(+3),"31 (7d8)",12,(+1),"Common, Elvish, Sylvan",fey,"","passive Perception 12","Perception +2, Performance +6, Stealth +5","40 ft.",12,(+1),10,(+0),100
Scorpion,unaligned,11,"(natural armor)",2,(-4),0,8,(-1),"","","",11,(+0),"1 (1d4 - 1)",1,(-5),--,beast,"","blindsight 10 ft., passive Perception 9","","10 ft.",2,(-4),8,(-1),10
Scout,"any alignment",13,"(leather armor)",11,(+0),1/2,12,(+1),"","","",14,(+2),"16 (3d8 + 3)",11,(+0),"any one language (usually Common)","humanoid (any race)","","passive Perception 15","Nature +4, Perception +5, Stealth +6, Survival +5","30 ft.",11,(+0),13,(+1),100
"Sea Hag","chaotic evil",14,"(natural armor)",13,(+1),2,16,(+3),"","","",13,(+1),"52 (7d8 + 21)",12,(+1),"Aquan, Common, Giant",fey,"","darkvision 60 ft., passive Perception 11","","30 ft., swim 40 ft.",16,(+3),12,(+1),450
"Sea Horse",unaligned,11,"",2,(-4),0,8,(-1),"","","",12,(+1),"1 (1d4 - 1)",1,(-5),--,beast,"","passive Perception 10","","0 ft., swim 20 ft.",1,(-5),10,(+0),0
Shadow,"chaotic evil",12,"",8,(-1),1/2,13,(+1),"exhaustion, frightened, grappled, paralyzed, petrified, poisoned, prone, restrained","necrotic, poison","acid, cold, fire, lightning, thunder; bludgeoning, piercing, and slashing from nonmagical attacks",14,(+2),"16 (3d8 + 3)",6,(-2),--,undead,"","darkvision 60 ft., passive Perception 10","Stealth +4 (+6 in dim light or darkness)","40 ft.",6,(-2),10,(+0),100
"Shambling Mound",unaligned,15,"(natural armor)",5,(-3),5,16,(+3),"blinded, deafened, exhaustion",lightning,"cold, fire",8,(-1),"136 (16d10 + 48)",5,(-3),--,plant,"","blindsight 60 ft. (blind beyond this radius), passive Perception 10","Stealth +2","20 ft., swim 20 ft.",18,(+4),10,(+0),1800
"Shield Guardian",unaligned,17,"(natural armor)",3,(-4),7,18,(+4),"charmed, exhaustion, frightened, paralyzed, poisoned",poison,"",8,(-1),"142 (15d10 + 60)",7,(-2),"understands commands given in any language but can't speak",construct,"","blindsight 10 ft., darkvision 60 ft., passive Perception 10","","30 ft.",18,(+4),10,(+0),2900
Shrieker,unaligned,5,"",1,(-5),0,10,(+0),"blinded, deafened, frightened","","",1,(-5),"13 (3d8)",1,(-5),--,plant,"","blindsight 30 ft. (blind beyond this radius), passive Perception 6","","0 ft.",1,(-5),3,(-4),10
"Silver Dragon Wyrmling","lawful good",17,"(natural armor)",15,(+2),2,17,(+3),"",cold,"",10,(+0),"45 (6d8 + 18)",12,(+1),Draconic,dragon,"Dex +2, Con +5, Wis +2, Cha +4","blindsight 10 ft., darkvision 60 ft., passive Perception 14","Perception +4, Stealth +2","30 ft., fly 60 ft.",19,(+4),11,(+0),450
Skeleton,"lawful evil",13,"(armor scraps)",5,(-3),1/4,15,(+2),"exhaustion, poisoned",poison,"",14,(+2),"13 (2d8 + 4)",6,(-2),"understands all languages it knew in life but can't speak",undead,"","darkvision 60 ft., passive Perception 9","","30 ft.",10,(+0),8,(-1),50
Solar,"lawful good",21,"(natural armor)",30,(+10),21,26,(+8),"charmed, exhaustion, frightened, poisoned","necrotic, poison","radiant; bludgeoning, piercing, and slashing from nonmagical attacks",22,(+6),"243 (18d10 + 144)",25,(+7),"all, telepathy 120 ft.",celestial,"Int +14, Wis +14, Cha +17","truesight 120 ft., passive Perception 24","Perception +14","50 ft., fly 150 ft.",26,(+8),25,(+7),33000
Specter,"chaotic evil",12,"",11,(+0),1,11,(+0),"charmed, exhaustion, grappled, paralyzed, petrified, poisoned, prone, restrained, unconscious","necrotic, poison","acid, cold, fire, lightning, thunder; bludgeoning, piercing, and slashing from nonmagical attacks",14,(+2),"22 (5d8)",10,(+0),"understands all languages it knew in life but can't speak",undead,"","darkvision 60 ft., passive Perception 10","","0 ft., fly 50 ft. (hover)",1,(-5),10,(+0),200
Spider,unaligned,12,"",2,(-4),0,8,(-1),"","","",14,(+2),"1 (1d4 - 1)",1,(-5),--,beast,"","darkvision 30 ft., passive Perception 10","Stealth +4","20 ft., climb 20 ft.",2,(-4),10,(+0),10
"Spirit Naga","chaotic evil",15,"(natural armor)",16,(+3),8,14,(+2),"charmed, poisoned",poison,"",17,(+3),"75 (10d10 + 20)",16,(+3),"Abyssal, Common",monstrosity,"Dex +6, Con +5, Wis +5, Cha +6","darkvision 60 ft., passive Perception 12","","40 ft.",18,(+4),15,(+2),3900
Sprite,"neutral good",15,"(leather armor)",11,(+0),1/4,10,(+0),"","","",18,(+4),"2 (1d4)",14,(+2),"Common, Elvish, Sylvan",fey,"","passive Perception 13","Perception +3, Stealth +8","10 ft., fly 40 ft.",3,(-4),13,(+1),50
Spy,"any alignment",12,"",16,(+3),1,10,(+0),"","","",15,(+2),"27 (6d8)",12,(+1),"any two languages","humanoid (any race)","","passive Perception 16","Deception +5, Insight +4, Investigation +5, Perception +6, Persuasion +5, Sleight of Hand +4, Stealth +4","30 ft.",10,(+0),14,(+2),200
"Steam Mephit","neutral evil",10,"",12,(+1),1/4,10,(+0),poisoned,"fire, poison","",11,(+0),"21 (6d6)",11,(+0),"Aquan, Ignan",elemental,"","darkvision 60 ft., passive Perception 10","","30 ft., fly 30 ft.",5,(-3),10,(+0),50
Stirge,unaligned,14,"(natural armor)",6,(-2),1/8,11,(+0),"","","",16,(+3),"2 (1d4)",2,(-4),--,beast,"","darkvision 60 ft., passive Perception 9","","10 ft., fly 40 ft.",4,(-3),8,(-1),25
"Stone Giant",neutral,17,"(natural armor)",9,(-1),7,20,(+5),"","","",15,(+2),"126 (11d12 + 55)",10,(+0),Giant,giant,"Dex +5, Con +8, Wis +4","darkvision 60 ft., passive Perception 14","Athletics +12, Perception +4","40 ft.",23,(+6),12,(+1),2900
"Stone Golem",unaligned,17,"(natural armor)",1,(-5),10,20,(+5),"charmed, exhaustion, frightened, paralyzed, petrified, poisoned","poison, psychic; bludgeoning, piercing, and slashing from nonmagical attacks that aren't adamantine","",9,(-1),"178 (17d10 + 85)",3,(-4),"understands the languages of its creator but can't speak",construct,"","darkvision 120 ft., passive Perception 10","","30 ft.",22,(+6),11,(+0),5900
"Storm Giant","chaotic good",16,"(scale mail)",18,(+4),13,20,(+5),"","lightning, thunder",cold,14,(+2),"230 (20d12 + 100)",16,(+3),"Common, Giant",giant,"Str +14, Con +10, Wis +9, Cha +9","passive Perception 19","Arcana +8, Athletics +14, History +8, Perception +9","50 ft., swim 50 ft.",29,(+9),18,(+4),10000
Succubus/Incubus,"neutral evil",15,"(natural armor)",20,(+5),4,13,(+1),"","","cold, fire, lightning, poison; bludgeoning, piercing, and slashing from nonmagical attacks",17,(+3),"66 (12d8 + 12)",15,(+2),"Abyssal, Common, Infernal, telepathy 60 ft.","fiend (shapechanger)","","darkvision 60 ft., passive Perception 15","Deception +9, Insight +5, Perception +5, Persuasion +9, Stealth +7","30 ft., fly 60 ft.",8,(-1),12,(+1),1100
"Swarm of Bats",unaligned,12,"",4,(-3),1/4,10,(+0),"charmed, frightened, grappled, paralyzed, petrified, prone, restrained, stunned","","bludgeoning, piercing, slashing",15,(+2),"22 (5d8)",2,(-4),--,"swarm of Tiny beasts","","blindsight 60 ft., passive Perception 11","","0 ft., fly 30 ft.",5,(-3),12,(+1),50
"Swarm of Insects",unaligned,12,"(natural armor)",1,(-5),1/2,10,(+0),"charmed, frightened, grappled, paralyzed, petrified, prone, restrained, stunned","","bludgeoning, piercing, slashing",13,(+1),"22 (5d8)",1,(-5),--,"swarm of Tiny beasts","","blindsight 10 ft., passive Perception 8","","20 ft., climb 20 ft.",3,(-4),7,(-2),100
"Swarm of Poisonous Snakes",unaligned,14,"",3,(-4),2,11,(+0),"charmed, frightened, grappled, paralyzed, petrified, prone, restrained, stunned","","bludgeoning, piercing, slashing",18,(+4),"36 (8d8)",1,(-5),--,"swarm of Tiny beasts","","blindsight 10 ft., passive Perception 10","","30 ft., swim 30 ft.",8,(-1),10,(+0),450
"Swarm of Quippers",unaligned,13,"",2,(-4),1,9,(-1),"charmed, frightened, grappled, paralyzed, petrified, prone, restrained, stunned","","bludgeoning, piercing, slashing",16,(+3),"28 (8d8 - 8)",1,(-5),--,"swarm of Tiny beasts","","darkvision 60 ft., passive Perception 8","","0 ft., swim 40 ft.",13,(+1),7,(-2),200
"Swarm of Rats",unaligned,10,"",3,(-4),1/4,9,(-1),"charmed, frightened, grappled, paralyzed, petrified, prone, restrained, stunned","","bludgeoning, piercing, slashing",11,(+0),"24 (7d8 - 7)",2,(-4),--,"swarm of Tiny beasts","","darkvision 30 ft., passive Perception 10","","30 ft.",9,(-1),10,(+0),50
"Swarm of Ravens",unaligned,12,"",6,(-2),1/4,8,(-1),"charmed, frightened, grappled, paralyzed, petrified, prone, restrained, stunned","","bludgeoning, piercing, slashing",14,(+2),"24 (7d8 - 7)",3,(-4),--,"swarm of Tiny beasts","","passive Perception 15","Perception +5","10 ft., fly 50 ft.",6,(-2),12,(+1),50
Tarrasque,unaligned,25,"(natural armor)",11,(+0),30,30,(+10),"charmed, frightened, paralyzed, poisoned","fire, poison; bludgeoning, piercing, and slashing from nonmagical attacks","",11,(+0),"676 (33d20 + 330)",3,(-4),-,monstrosity,"Int +5, Wis +9, Cha +9","blindsight 120ft., passive Perception 10","",40ft,30,(+10),11,(+0),155000
Thug,"any non-good alignment",11,"(leather armor)",11,(+0),1/2,14,(+2),"","","",11,(+0),"32 (5d8 + 10)",10,(+0),"any one language (usually Common)","humanoid (any race)","","passive Perception 10","Intimidation +2","30 ft.",15,(+2),10,(+0),100
Tiger,unaligned,12,"",8,(-1),1,14,(+2),"","","",15,(+2),"37 (5d10 + 10)",3,(-4),--,beast,"","darkvision 60 ft., passive Perception 13","Perception +3, Stealth +6","40 ft.",17,(+3),12,(+1),200
Treant,"chaotic good",16,"(natural armor)",12,(+1),9,21,(+5),"","","bludgeoning, piercing",8,(-1),"138 (12d12 + 60)",12,(+1),"Common, Druidic, Elvish, Sylvan",plant,"","passive Perception 13","",30ft.,23,(+6),16,(+3),5000
"Tribal Warrior","any alignment",12,"(hide armor)",8,(-1),1/8,12,(+1),"","","",11,(+0),"11 (2d8 + 2)",8,(-1),"any one language","humanoid (any race)","","passive Perception 10","","30 ft.",13,(+1),11,(+0),25
Triceratops,unaligned,13,"(natural armor)",5,(-3),5,17,(+3),"","","",9,(-1),"95 (10d12 + 30)",2,(-4),--,beast,"","passive Perception 10","","50 ft.",22,(+6),11,(+0),1800
Troll,"chaotic evil",15,"(natural armor)",7,(-2),5,20,(+5),"","","",13,(+1),"84 (8d10 + 40)",7,(-2),Giant,giant,"","darkvision 60 ft., passive Perception 12","Perception +2","30 ft.",18,(+4),9,(-1),1800
"Tyrannosaurus Rex",unaligned,13,"(natural armor)",9,(-1),8,19,(+4),"","","",10,(+0),"136 (13d12 + 52)",2,(-4),--,beast,"","passive Perception 14","Perception +4","50 ft.",25,(+7),12,(+1),3900
Unicorn,"lawful good",12,"",16,(+3),5,15,(+2),"charmed, paralyzed, poisoned",poison,"",14,(+2),"67 (9d10 + 18)",11,(+0),"Celestial, Elvish, Sylvan, telepathy 60 ft.",celestial,"","darkvision 60 ft., passive Perception 13","","50 ft.",18,(+4),17,(+3),1800
Vampire,"lawful evil",16,"(natural armor)",18,(+4),13,18,(+4),"","","necrotic; bludgeoning, piercing, and slashing from nonmagical attacks",18,(+4),"144 (17d8 + 68)",17,(+3),"the languages it knew in life","undead (shapechanger)","Dex +9, Wis +7, Cha +9","darkvision 120 ft., passive Perception 17","Perception +7, Stealth +9","30 ft.",18,(+4),15,(+2),10000
"Vampire Spawn","neutral evil",15,"(natural armor)",12,(+1),5,16,(+3),"","","necrotic; bludgeoning, piercing, and slashing from nonmagical attacks",16,(+3),"82 (11d8 + 33)",11,(+0),"the languages it knew in life",undead,"Dex +6, Wis +3","darkvision 60 ft., passive Perception 13","Perception +3, Stealth +6","30 ft.",16,(+3),10,(+0),1800
Veteran,"any alignment",17,(splint),10,(+0),3,14,(+2),"","","",13,(+1),"58 (9d8 + 18)",10,(+0),"any one language (usually Common)","humanoid (any race)","","passive Perception 12","Athletics +5, Perception +2","30 ft.",16,(+3),11,(+0),700
"Violet Fungus",unaligned,5,"",1,(-5),1/4,10,(+0),"blinded, deafened, frightened","","",1,(-5),"18 (4d8)",1,(-5),--,plant,"","blindsight 30 ft. (blind beyond this radius), passive Perception 6","","5 ft.",3,(-4),3,(-4),50
Vrock,"chaotic evil",15,"(natural armor)",8,(-1),6,18,(+4),poisoned,poison,"cold, fire, lightning; bludgeoning, piercing, and slashing from nonmagical attacks",15,(+2),"104 (11d10 + 44)",8,(-1),"Abyssal, telepathy 120 ft.","fiend (demon)","Dex +5, Wis +4, Cha +2","darkvision 120 ft., passive Perception 11","","40 ft., fly 60 ft.",17,(+3),13,(+1),2300
Vulture,unaligned,10,"",4,(-3),0,13,(+1),"","","",10,(+0),"5 (1d8 + 1)",2,(-4),--,beast,"","passive Perception 13","Perception +3","10 ft., fly 50 ft.",7,(-2),12,(+1),10
Warhorse,unaligned,11,"",7,(-2),1/2,13,(+1),"","","",12,(+1),"19 (3d10 + 3)",2,(-4),--,beast,"","passive Perception 11","","60 ft.",18,(+4),12,(+1),100
"Warhorse Skeleton","lawful evil",13,"(barding scraps)",5,(-3),1/2,15,(+2),"exhaustion, poisoned",poison,"",12,(+1),"22 (3d10 + 6)",2,(-4),--,undead,"","darkvision 60 ft., passive Perception 9","","60 ft.",18,(+4),8,(-1),100
"Water Elemental",neutral,14,"(natural armor)",8,(-1),5,18,(+4),"exhaustion, grappled, paralyzed, petrified, poisoned, prone, restrained, unconscious",poison,"acid; bludgeoning, piercing, and slashing from nonmagical attacks",14,(+2),"114 (12d10 + 48)",5,(-3),Aquan,elemental,"","darkvision 60 ft., passive Perception 10","","30 ft., swim 90 ft.",18,(+4),10,(+0),1800
Weasel,unaligned,13,"",3,(-4),0,8,(-1),"","","",16,(+3),"1 (1d4 - 1)",2,(-4),--,beast,"","passive Perception 13","Perception +3, Stealth +5","30 ft.",3,(-4),12,(+1),10
Werebear,"neutral good",10,"(10 in humanoid form, 11 in bear and hybrid form)",12,(+1),5,17,(+3),"","bludgeoning, piercing, and slashing from nonmagical attacks not made with silvered weapons","",10,(+0),"135 (18d8 + 54)",11,(+0),"Common (can't speak in bear form)","humanoid (human, shapechanger)","","passive Perception 17","Perception +7","30 ft. (40 ft., climb 30 ft. in bear or hybrid form)",19,(+4),12,(+1),1800
Wereboar,"neutral evil",10,"(10 in humanoid form, 11 in boar or hybrid form)",8,(-1),4,15,(+2),"","bludgeoning, piercing, and slashing from nonmagical attacks not made with silvered weapons","",10,(+0),"78 (12d8 + 24)",10,(+0),"Common (can't speak in boar form)","humanoid (human, shapechanger)","","passive Perception 12","Perception +2","30 ft. (40 ft. in boar form)",17,(+3),11,(+0),1100
Wererat,"lawful evil",12,"",8,(-1),2,12,(+1),"","bludgeoning, piercing, and slashing from nonmagical attacks not made with silvered weapons","",15,(+2),"33 (6d8 + 6)",11,(+0),"Common (can't speak in rat form)","humanoid (human, shapechanger)","","darkvision 60 ft. (rat form only), passive Perception 12","Perception +2, Stealth +4","30 ft.",10,(+0),10,(+0),450
Weretiger,neutral,12,"",11,(+0),4,16,(+3),"","bludgeoning, piercing, and slashing from nonmagical attacks not made with silvered weapons","",15,(+2),"120 (16d8 + 48)",10,(+0),"Common (can't speak in tiger form)","humanoid (human, shapechanger)","","darkvision 60 ft., passive Perception 15","Perception +5, Stealth +4","30 ft. (40 ft. in tiger form)",17,(+3),13,(+1),1100
Werewolf,"chaotic evil",11,"(11 in humanoid form, 12 in wolf or hybrid form)",10,(+0),3,14,(+2),"","bludgeoning, piercing, and slashing from nonmagical attacks not made with silvered weapons","",13,(+1),"58 (9d8 + 18)",10,(+0),"Common (can't speak in wolf form)","humanoid (human, shapechanger)","","passive Perception 14","Perception +4, Stealth +3","30 ft. (40 ft. in wolf form)",15,(+2),11,(+0),700
"White Dragon Wyrmling","chaotic evil",16,"(natural armor)",11,(+0),2,14,(+2),"",cold,"",10,(+0),"32 (5d8 + 10)",5,(-3),Draconic,dragon,"Dex +2, Con +4, Wis +2, Cha +2","blindsight 10 ft., darkvision 60 ft., passive Perception 14","Perception +4, Stealth +2","30 ft., burrow 15 ft., fly 60 ft., swim 30 ft.",14,(+2),10,(+0),450
Wight,"neutral evil",14,"(studded leather)",15,(+2),3,16,(+3),"exhaustion, poisoned",poison,"necrotic; bludgeoning, piercing, and slashing from nonmagical attacks that aren't silvered",14,(+2),"45 (6d8 + 18)",10,(+0),"the languages it knew in life",undead,"","darkvision 60 ft., passive Perception 13","Perception +3, Stealth +4","30 ft.",15,(+2),13,(+1),700
"Will-o'-Wisp","chaotic evil",19,"",11,(+0),2,10,(+0),"exhaustion, grappled, paralyzed, poisoned, prone, restrained, unconscious","lightning, poison","acid, cold, fire, necrotic, thunder; bludgeoning, piercing, and slashing from nonmagical attacks",28,(+9),"22 (9d4)",13,(+1),"the languages it knew in life",undead,"","darkvision 120 ft., passive Perception 12","","0 ft., fly 50 ft. (hover)",1,(-5),14,(+2),450
"Winter Wolf","neutral evil",13,"(natural armor)",8,(-1),3,14,(+2),"",cold,"",13,(+1),"75 (10d10 + 20)",7,(-2),"Common, Giant, Winter Wolf",monstrosity,"","passive Perception 15","Perception +5, Stealth +3","50 ft.",18,(+4),12,(+1),700
Wolf,unaligned,13,"(natural armor)",6,(-2),1/4,12,(+1),"","","",15,(+2),"11 (2d8 + 2)",3,(-4),--,beast,"","passive Perception 13","Perception +3, Stealth +4","40 ft.",12,(+1),12,(+1),50
Worg,"neutral evil",13,"(natural armor)",8,(-1),1/2,13,(+1),"","","",13,(+1),"26 (4d10 + 4)",7,(-2),"Goblin, Worg",monstrosity,"","darkvision 60 ft., passive Perception 14","Perception +4","50 ft.",16,(+3),11,(+0),100
Wraith,"neutral evil",13,"",15,(+2),5,16,(+3),"charmed, exhaustion, grappled, paralyzed, petrified, poisoned, prone, restrained","necrotic, poison","acid, cold, fire, lightning, thunder; bludgeoning, piercing, and slashing from nonmagical attacks that aren't silvered",16,(+3),"67 (9d8 + 27)",12,(+1),"the languages it knew in life",undead,"","darkvision 60 ft., passive Perception 12","","0 ft., fly 60 ft. (hover)",6,(-2),14,(+2),1800
Wyvern,unaligned,13,"(natural armor)",6,(-2),6,16,(+3),"","","",10,(+0),"110 (13d10 + 39)",5,(-3),--,dragon,"","darkvision 60 ft., passive Perception 14","Perception +4","20 ft., fly 80 ft.",19,(+4),12,(+1),2300
Xorn,neutral,19,"(natural armor)",11,(+0),5,22,(+6),"","","piercing and slashing from nonmagical attacks that aren't adamantine",10,(+0),"73 (7d8 + 42)",11,(+0),Terran,elemental,"","darkvision 60 ft., tremorsense 60 ft., passive Perception 16","Perception +6, Stealth +3","20 ft., burrow 20 ft.",17,(+3),10,(+0),1800
"Young Black Dragon","chaotic evil",18,"(natural armor)",15,(+2),7,17,(+3),"",acid,"",14,(+2),"127 (15d10 + 45)",12,(+1),"Common, Draconic",dragon,"Dex +5, Con +6, Wis +3, Cha +5","blindsight 30 ft., darkvision 120 ft., passive Perception 16","Perception +6, Stealth +5","40 ft., fly 80 ft., swim 40 ft.",19,(+4),11,(+0),2900
"Young Blue Dragon","lawful evil",18,"(natural armor)",17,(+3),9,19,(+4),"",lightning,"",10,(+0),"152 (16d10 + 64)",14,(+2),"Common, Draconic",dragon,"Dex +4, Con +8, Wis +5, Cha +7","blindsight 30 ft., darkvision 120 ft., passive Perception 19","Perception +9, Stealth +4","40 ft., burrow 20 ft., fly 80 ft.",21,(+5),13,(+1),5000
"Young Brass Dragon","chaotic good",17,"(natural armor)",15,(+2),6,17,(+3),"",fire,"",10,(+0),"110 (13d10 + 39)",12,(+1),"Common, Draconic",dragon,"Dex +3, Con +6, Wis +3, Cha +5","blindsight 30 ft., darkvision 120 ft., passive Perception 16","Perception +6, Persuasion +5, Stealth +3","40 ft., burrow 20 ft., fly 80 ft.",19,(+4),11,(+0),2300
"Young Bronze Dragon","lawful good",18,"(natural armor)",17,(+3),8,19,(+4),"",lightning,"",10,(+0),"142 (15d10 + 60)",14,(+2),"Common, Draconic",dragon,"Dex +3, Con +7, Wis +4, Cha +6","blindsight 30 ft., darkvision 120 ft., passive Perception 17","Insight +4, Perception +7, Stealth +3","40 ft., fly 80 ft., swim 40 ft.",21,(+5),13,(+1),3900
"Young Copper Dragon","chaotic good",17,"(natural armor)",15,(+2),7,17,(+3),"",acid,"",12,(+1),"119 (14d10 + 42)",16,(+3),"Common, Draconic",dragon,"Dex +4, Con +6, Wis +4, Cha +5","blindsight 30 ft., darkvision 120 ft., passive Perception 17","Deception +5, Perception +7, Stealth +4","40 ft., climb 40 ft., fly 80 ft.",19,(+4),13,(+1),2900
"Young Gold Dragon","lawful good",18,"(natural armor)",20,(+5),10,21,(+5),"",fire,"",14,(+2),"178 (17d10 + 85)",16,(+3),"Common, Draconic",dragon,"Dex +6, Con +9, Wis +5, Cha +9","blindsight 30 ft., darkvision 120 ft., passive Perception 19","Insight +5, Perception +9, Persuasion +9, Stealth +6","40 ft., fly 80 ft., swim 40 ft.",23,(+6),13,(+1),5900
"Young Green Dragon","lawful evil",18,"(natural armor)",15,(+2),8,17,(+3),poisoned,poison,"",12,(+1),"136 (16d10 + 48)",16,(+3),"Common, Draconic",dragon,"Dex +4, Con +6, Wis +4, Cha +5","blindsight 30 ft., darkvision 120 ft., passive Perception 17","Deception +5, Perception +7, Stealth +4","40 ft., fly 80 ft., swim 40 ft.",19,(+4),13,(+1),3900
"Young Red Dragon","chaotic evil",18,"(natural armor)",19,(+4),10,21,(+5),"",fire,"",10,(+0),"178 (17d10 + 85)",14,(+2),"Common, Draconic",dragon,"Dex +4, Con +9, Wis +4, Cha +8","blindsight 30 ft., darkvision 120 ft., passive Perception 18","Perception +8, Stealth +4","40 ft., climb 40 ft., fly 80 ft.",23,(+6),11,(+0),5900
"Young Silver Dragon","lawful good",18,"(natural armor)",19,(+4),9,21,(+5),"",cold,"",10,(+0),"168 (16d10 + 80)",14,(+2),"Common, Draconic",dragon,"Dex +4, Con +9, Wis +4, Cha +8","blindsight 30 ft., darkvision 120 ft., passive Perception 18","Arcana +6, History +6, Perception +8, Stealth +4","40 ft., fly 80 ft.",23,(+6),11,(+0),5000
"Young White Dragon","chaotic evil",17,"(natural armor)",12,(+1),6,18,(+4),"",cold,"",10,(+0),"133 (14d10 + 56)",6,(-2),"Common, Draconic",dragon,"Dex +3, Con +7, Wis +3, Cha +4","blindsight 30 ft., darkvision 120 ft., passive Perception 16","Perception +6, Stealth +3","40 ft., burrow 20 ft., fly 80 ft., swim 40 ft.",18,(+4),11,(+0),2300
Zombie,"neutral evil",8,"",5,(-3),1/4,16,(+3),poisoned,poison,"",6,(-2),"22 (3d8 + 9)",3,(-4),"understands the languages it knew in life but can't speak",undead,"Wis +0","darkvision 60 ft., passive Perception 8","","20 ft.",13,(+1),6,(-2),50
